Species,species_and_herb,pinna_num,pinna,pinnule ,length_mm,humidity_perc
Pentarhizidium_intermedium,Pentarhizidium_intermedium_BAR,A1,A1_top,1,4.369,0
Pentarhizidium_intermedium,Pentarhizidium_intermedium_BAR,A1,A1_top,2,5.496,0
Pentarhizidium_intermedium,Pentarhizidium_intermedium_BAR,A1,A1_top,3,5.638,0
Pentarhizidium_intermedium,Pentarhizidium_intermedium_BAR,A1,A1_top,4,5.926,0
Pentarhizidium_intermedium,Pentarhizidium_intermedium_BAR,A1,A1_top,5,6.765,0
Pentarhizidium_intermedium,Pentarhizidium_intermedium_BAR,A1,A1_top,6,6.768,0
Pentarhizidium_intermedium,Pentarhizidium_intermedium_BAR,A1,A1_top,7,7.267,0
Pentarhizidium_intermedium,Pentarhizidium_intermedium_BAR,A1,A1_top,8,6.625,0
Pentarhizidium_intermedium,Pentarhizidium_intermedium_BAR,A1,A1_top,9,6.272,0
Pentarhizidium_intermedium,Pentarhizidium_intermedium_BAR,A1,A1_top,10,5.782,0
Pentarhizidium_intermedium,Pentarhizidium_intermedium_BAR,A1,A1_top,11,5.152,0
Pentarhizidium_intermedium,Pentarhizidium_intermedium_BAR,A1,A1_top,12,5.428,0
Pentarhizidium_intermedium,Pentarhizidium_intermedium_BAR,A1,A1_top,13,5.641,0
Pentarhizidium_intermedium,Pentarhizidium_intermedium_BAR,A1,A1_top,14,5.708,0
Pentarhizidium_intermedium,Pentarhizidium_intermedium_BAR,A1,A1_top,15,6.06,0
Pentarhizidium_intermedium,Pentarhizidium_intermedium_BAR,A1,A1_top,16,6.132,0
Pentarhizidium_intermedium,Pentarhizidium_intermedium_BAR,A1,A1_top,17,6.207,0
Pentarhizidium_intermedium,Pentarhizidium_intermedium_BAR,A1,A1_top,18,6.412,0
Pentarhizidium_intermedium,Pentarhizidium_intermedium_BAR,A1,A1_top,19,6.765,0
Pentarhizidium_intermedium,Pentarhizidium_intermedium_BAR,A1,A1_top,20,6.977,0
Pentarhizidium_intermedium,Pentarhizidium_intermedium_BAR,A1,A1_top,1,4.28,100
Pentarhizidium_intermedium,Pentarhizidium_intermedium_BAR,A1,A1_top,2,4.562,100
Pentarhizidium_intermedium,Pentarhizidium_intermedium_BAR,A1,A1_top,3,4.745,100
Pentarhizidium_intermedium,Pentarhizidium_intermedium_BAR,A1,A1_top,4,5.024,100
Pentarhizidium_intermedium,Pentarhizidium_intermedium_BAR,A1,A1_top,5,5.303,100
Pentarhizidium_intermedium,Pentarhizidium_intermedium_BAR,A1,A1_top,6,5.395,100
Pentarhizidium_intermedium,Pentarhizidium_intermedium_BAR,A1,A1_top,7,6.174,100
Pentarhizidium_intermedium,Pentarhizidium_intermedium_BAR,A1,A1_top,8,6.139,100
Pentarhizidium_intermedium,Pentarhizidium_intermedium_BAR,A1,A1_top,9,5.96,100
Pentarhizidium_intermedium,Pentarhizidium_intermedium_BAR,A1,A1_top,10,5.302,100
Pentarhizidium_intermedium,Pentarhizidium_intermedium_BAR,A1,A1_top,11,4.559,100
Pentarhizidium_intermedium,Pentarhizidium_intermedium_BAR,A1,A1_top,12,4.279,100
Pentarhizidium_intermedium,Pentarhizidium_intermedium_BAR,A1,A1_top,13,4.837,100
Pentarhizidium_intermedium,Pentarhizidium_intermedium_BAR,A1,A1_top,14,4.558,100
Pentarhizidium_intermedium,Pentarhizidium_intermedium_BAR,A1,A1_top,15,4.559,100
Pentarhizidium_intermedium,Pentarhizidium_intermedium_BAR,A1,A1_top,16,4.372,100
Pentarhizidium_intermedium,Pentarhizidium_intermedium_BAR,A1,A1_top,17,4.094,100
Pentarhizidium_intermedium,Pentarhizidium_intermedium_BAR,A1,A1_top,18,4.558,100
Pentarhizidium_intermedium,Pentarhizidium_intermedium_BAR,A1,A1_top,19,4.559,100
Pentarhizidium_intermedium,Pentarhizidium_intermedium_BAR,A1,A1_top,20,4.655,100
Pentarhizidium_intermedium,Pentarhizidium_intermedium_BAR,B1,B1_top,1,3.7,0
Pentarhizidium_intermedium,Pentarhizidium_intermedium_BAR,B1,B1_top,2,4.169,0
Pentarhizidium_intermedium,Pentarhizidium_intermedium_BAR,B1,B1_top,3,4.406,0
Pentarhizidium_intermedium,Pentarhizidium_intermedium_BAR,B1,B1_top,4,4.574,0
Pentarhizidium_intermedium,Pentarhizidium_intermedium_BAR,B1,B1_top,5,4.574,0
Pentarhizidium_intermedium,Pentarhizidium_intermedium_BAR,B1,B1_top,6,4.681,0
Pentarhizidium_intermedium,Pentarhizidium_intermedium_BAR,B1,B1_top,7,4.692,0
Pentarhizidium_intermedium,Pentarhizidium_intermedium_BAR,B1,B1_top,8,4.763,0
Pentarhizidium_intermedium,Pentarhizidium_intermedium_BAR,B1,B1_top,9,4.978,0
Pentarhizidium_intermedium,Pentarhizidium_intermedium_BAR,B1,B1_top,10,5.607,0
Pentarhizidium_intermedium,Pentarhizidium_intermedium_BAR,B1,B1_top,11,5.48,0
Pentarhizidium_intermedium,Pentarhizidium_intermedium_BAR,B1,B1_top,12,5.585,0
Pentarhizidium_intermedium,Pentarhizidium_intermedium_BAR,B1,B1_top,13,3.831,0
Pentarhizidium_intermedium,Pentarhizidium_intermedium_BAR,B1,B1_top,14,3.795,0
Pentarhizidium_intermedium,Pentarhizidium_intermedium_BAR,B1,B1_top,15,4.205,0
Pentarhizidium_intermedium,Pentarhizidium_intermedium_BAR,B1,B1_top,16,4.334,0
Pentarhizidium_intermedium,Pentarhizidium_intermedium_BAR,B1,B1_top,17,4.561,0
Pentarhizidium_intermedium,Pentarhizidium_intermedium_BAR,B1,B1_top,18,4.632,0
Pentarhizidium_intermedium,Pentarhizidium_intermedium_BAR,B1,B1_top,19,4.29,0
Pentarhizidium_intermedium,Pentarhizidium_intermedium_BAR,B1,B1_top,20,3.728,0
Pentarhizidium_intermedium,Pentarhizidium_intermedium_BAR,B1,B1_top,1,2.626,100
Pentarhizidium_intermedium,Pentarhizidium_intermedium_BAR,B1,B1_top,2,2.994,100
Pentarhizidium_intermedium,Pentarhizidium_intermedium_BAR,B1,B1_top,3,3.695,100
Pentarhizidium_intermedium,Pentarhizidium_intermedium_BAR,B1,B1_top,4,3.853,100
Pentarhizidium_intermedium,Pentarhizidium_intermedium_BAR,B1,B1_top,5,3.958,100
Pentarhizidium_intermedium,Pentarhizidium_intermedium_BAR,B1,B1_top,6,3.776,100
Pentarhizidium_intermedium,Pentarhizidium_intermedium_BAR,B1,B1_top,7,3.603,100
Pentarhizidium_intermedium,Pentarhizidium_intermedium_BAR,B1,B1_top,8,3.447,100
Pentarhizidium_intermedium,Pentarhizidium_intermedium_BAR,B1,B1_top,9,3.219,100
Pentarhizidium_intermedium,Pentarhizidium_intermedium_BAR,B1,B1_top,10,3.051,100
Pentarhizidium_intermedium,Pentarhizidium_intermedium_BAR,B1,B1_top,11,2.941,100
Pentarhizidium_intermedium,Pentarhizidium_intermedium_BAR,B1,B1_top,12,2.619,100
Pentarhizidium_intermedium,Pentarhizidium_intermedium_BAR,B1,B1_top,13,3.298,100
Pentarhizidium_intermedium,Pentarhizidium_intermedium_BAR,B1,B1_top,14,3.695,100
Pentarhizidium_intermedium,Pentarhizidium_intermedium_BAR,B1,B1_top,15,3.847,100
Pentarhizidium_intermedium,Pentarhizidium_intermedium_BAR,B1,B1_top,16,3.848,100
Pentarhizidium_intermedium,Pentarhizidium_intermedium_BAR,B1,B1_top,17,4.197,100
Pentarhizidium_intermedium,Pentarhizidium_intermedium_BAR,B1,B1_top,18,4.081,100
Pentarhizidium_intermedium,Pentarhizidium_intermedium_BAR,B1,B1_top,19,3.441,100
Pentarhizidium_intermedium,Pentarhizidium_intermedium_BAR,B1,B1_top,20,3.502,100
Pentarhizidium_intermedium,Pentarhizidium_intermedium_BAR,C1,C1_top,1,3.308,0
Pentarhizidium_intermedium,Pentarhizidium_intermedium_BAR,C1,C1_top,2,4.054,0
Pentarhizidium_intermedium,Pentarhizidium_intermedium_BAR,C1,C1_top,3,4.535,0
Pentarhizidium_intermedium,Pentarhizidium_intermedium_BAR,C1,C1_top,4,5.277,0
Pentarhizidium_intermedium,Pentarhizidium_intermedium_BAR,C1,C1_top,5,6.267,0
Pentarhizidium_intermedium,Pentarhizidium_intermedium_BAR,C1,C1_top,6,7.504,0
Pentarhizidium_intermedium,Pentarhizidium_intermedium_BAR,C1,C1_top,7,7.669,0
Pentarhizidium_intermedium,Pentarhizidium_intermedium_BAR,C1,C1_top,8,8.081,0
Pentarhizidium_intermedium,Pentarhizidium_intermedium_BAR,C1,C1_top,9,7.753,0
Pentarhizidium_intermedium,Pentarhizidium_intermedium_BAR,C1,C1_top,10,7.504,0
Pentarhizidium_intermedium,Pentarhizidium_intermedium_BAR,C1,C1_top,11,7.423,0
Pentarhizidium_intermedium,Pentarhizidium_intermedium_BAR,C1,C1_top,12,7.339,0
Pentarhizidium_intermedium,Pentarhizidium_intermedium_BAR,C1,C1_top,13,7.586,0
Pentarhizidium_intermedium,Pentarhizidium_intermedium_BAR,C1,C1_top,14,8.082,0
Pentarhizidium_intermedium,Pentarhizidium_intermedium_BAR,C1,C1_top,15,7.668,0
Pentarhizidium_intermedium,Pentarhizidium_intermedium_BAR,C1,C1_top,16,7.672,0
Pentarhizidium_intermedium,Pentarhizidium_intermedium_BAR,C1,C1_top,17,7.668,0
Pentarhizidium_intermedium,Pentarhizidium_intermedium_BAR,C1,C1_top,18,8.087,0
Pentarhizidium_intermedium,Pentarhizidium_intermedium_BAR,C1,C1_top,19,8.163,0
Pentarhizidium_intermedium,Pentarhizidium_intermedium_BAR,C1,C1_top,20,8.164,0
Pentarhizidium_intermedium,Pentarhizidium_intermedium_BAR,C1,C1_top,1,4.246,100
Pentarhizidium_intermedium,Pentarhizidium_intermedium_BAR,C1,C1_top,2,4.737,100
Pentarhizidium_intermedium,Pentarhizidium_intermedium_BAR,C1,C1_top,3,4.735,100
Pentarhizidium_intermedium,Pentarhizidium_intermedium_BAR,C1,C1_top,4,6.369,100
Pentarhizidium_intermedium,Pentarhizidium_intermedium_BAR,C1,C1_top,5,6.286,100
Pentarhizidium_intermedium,Pentarhizidium_intermedium_BAR,C1,C1_top,6,6.857,100
Pentarhizidium_intermedium,Pentarhizidium_intermedium_BAR,C1,C1_top,7,6.613,100
Pentarhizidium_intermedium,Pentarhizidium_intermedium_BAR,C1,C1_top,8,6.549,100
Pentarhizidium_intermedium,Pentarhizidium_intermedium_BAR,C1,C1_top,9,6.613,100
Pentarhizidium_intermedium,Pentarhizidium_intermedium_BAR,C1,C1_top,10,6.531,100
Pentarhizidium_intermedium,Pentarhizidium_intermedium_BAR,C1,C1_top,11,6.613,100
Pentarhizidium_intermedium,Pentarhizidium_intermedium_BAR,C1,C1_top,12,6.939,100
Pentarhizidium_intermedium,Pentarhizidium_intermedium_BAR,C1,C1_top,13,6.775,100
Pentarhizidium_intermedium,Pentarhizidium_intermedium_BAR,C1,C1_top,14,6.698,100
Pentarhizidium_intermedium,Pentarhizidium_intermedium_BAR,C1,C1_top,15,6.453,100
Pentarhizidium_intermedium,Pentarhizidium_intermedium_BAR,C1,C1_top,16,6.123,100
Pentarhizidium_intermedium,Pentarhizidium_intermedium_BAR,C1,C1_top,17,6.613,100
Pentarhizidium_intermedium,Pentarhizidium_intermedium_BAR,C1,C1_top,18,6.286,100
Pentarhizidium_intermedium,Pentarhizidium_intermedium_BAR,C1,C1_top,19,6.376,100
Pentarhizidium_intermedium,Pentarhizidium_intermedium_BAR,C1,C1_top,20,6.535,100
Pentarhizidium_intermedium,Pentarhizidium_intermedium_BAR,D1,D1_top,1,2.219,0
Pentarhizidium_intermedium,Pentarhizidium_intermedium_BAR,D1,D1_top,2,2.979,0
Pentarhizidium_intermedium,Pentarhizidium_intermedium_BAR,D1,D1_top,3,3.423,0
Pentarhizidium_intermedium,Pentarhizidium_intermedium_BAR,D1,D1_top,4,3.234,0
Pentarhizidium_intermedium,Pentarhizidium_intermedium_BAR,D1,D1_top,5,3.488,0
Pentarhizidium_intermedium,Pentarhizidium_intermedium_BAR,D1,D1_top,6,3.422,0
Pentarhizidium_intermedium,Pentarhizidium_intermedium_BAR,D1,D1_top,7,3.295,0
Pentarhizidium_intermedium,Pentarhizidium_intermedium_BAR,D1,D1_top,8,3.422,0
Pentarhizidium_intermedium,Pentarhizidium_intermedium_BAR,D1,D1_top,9,3.359,0
Pentarhizidium_intermedium,Pentarhizidium_intermedium_BAR,D1,D1_top,10,3.551,0
Pentarhizidium_intermedium,Pentarhizidium_intermedium_BAR,D1,D1_top,11,2.981,0
Pentarhizidium_intermedium,Pentarhizidium_intermedium_BAR,D1,D1_top,12,3.295,0
Pentarhizidium_intermedium,Pentarhizidium_intermedium_BAR,D1,D1_top,13,3.359,0
Pentarhizidium_intermedium,Pentarhizidium_intermedium_BAR,D1,D1_top,14,3.549,0
Pentarhizidium_intermedium,Pentarhizidium_intermedium_BAR,D1,D1_top,15,3.929,0
Pentarhizidium_intermedium,Pentarhizidium_intermedium_BAR,D1,D1_top,16,3.739,0
Pentarhizidium_intermedium,Pentarhizidium_intermedium_BAR,D1,D1_top,17,3.739,0
Pentarhizidium_intermedium,Pentarhizidium_intermedium_BAR,D1,D1_top,18,3.739,0
Pentarhizidium_intermedium,Pentarhizidium_intermedium_BAR,D1,D1_top,19,3.612,0
Pentarhizidium_intermedium,Pentarhizidium_intermedium_BAR,D1,D1_top,20,3.739,0
Pentarhizidium_intermedium,Pentarhizidium_intermedium_BAR,D1,D1_top,1,3.07,100
Pentarhizidium_intermedium,Pentarhizidium_intermedium_BAR,D1,D1_top,2,3.698,100
Pentarhizidium_intermedium,Pentarhizidium_intermedium_BAR,D1,D1_top,3,4.049,100
Pentarhizidium_intermedium,Pentarhizidium_intermedium_BAR,D1,D1_top,4,4.325,100
Pentarhizidium_intermedium,Pentarhizidium_intermedium_BAR,D1,D1_top,5,4.187,100
Pentarhizidium_intermedium,Pentarhizidium_intermedium_BAR,D1,D1_top,6,4.117,100
Pentarhizidium_intermedium,Pentarhizidium_intermedium_BAR,D1,D1_top,7,4.465,100
Pentarhizidium_intermedium,Pentarhizidium_intermedium_BAR,D1,D1_top,8,4.467,100
Pentarhizidium_intermedium,Pentarhizidium_intermedium_BAR,D1,D1_top,9,4.396,100
Pentarhizidium_intermedium,Pentarhizidium_intermedium_BAR,D1,D1_top,10,4.609,100
Pentarhizidium_intermedium,Pentarhizidium_intermedium_BAR,D1,D1_top,11,3.419,100
Pentarhizidium_intermedium,Pentarhizidium_intermedium_BAR,D1,D1_top,12,4.116,100
Pentarhizidium_intermedium,Pentarhizidium_intermedium_BAR,D1,D1_top,13,4.326,100
Pentarhizidium_intermedium,Pentarhizidium_intermedium_BAR,D1,D1_top,14,4.396,100
Pentarhizidium_intermedium,Pentarhizidium_intermedium_BAR,D1,D1_top,15,4.954,100
Pentarhizidium_intermedium,Pentarhizidium_intermedium_BAR,D1,D1_top,16,4.953,100
Pentarhizidium_intermedium,Pentarhizidium_intermedium_BAR,D1,D1_top,17,4.605,100
Pentarhizidium_intermedium,Pentarhizidium_intermedium_BAR,D1,D1_top,18,4.607,100
Pentarhizidium_intermedium,Pentarhizidium_intermedium_BAR,D1,D1_top,19,4.396,100
Pentarhizidium_intermedium,Pentarhizidium_intermedium_BAR,D1,D1_top,20,4.543,100
Pentarhizidium_intermedium,Pentarhizidium_intermedium_BOU,F1,F1_top,1,5.411,0
Pentarhizidium_intermedium,Pentarhizidium_intermedium_BOU,F1,F1_top,2,5.573,0
Pentarhizidium_intermedium,Pentarhizidium_intermedium_BOU,F1,F1_top,3,5.494,0
Pentarhizidium_intermedium,Pentarhizidium_intermedium_BOU,F1,F1_top,4,5.96,0
Pentarhizidium_intermedium,Pentarhizidium_intermedium_BOU,F1,F1_top,5,5.882,0
Pentarhizidium_intermedium,Pentarhizidium_intermedium_BOU,F1,F1_top,6,5.881,0
Pentarhizidium_intermedium,Pentarhizidium_intermedium_BOU,F1,F1_top,7,5.962,0
Pentarhizidium_intermedium,Pentarhizidium_intermedium_BOU,F1,F1_top,8,6.121,0
Pentarhizidium_intermedium,Pentarhizidium_intermedium_BOU,F1,F1_top,9,5.96,0
Pentarhizidium_intermedium,Pentarhizidium_intermedium_BOU,F1,F1_top,10,5.968,0
Pentarhizidium_intermedium,Pentarhizidium_intermedium_BOU,F1,F1_top,11,5.96,0
Pentarhizidium_intermedium,Pentarhizidium_intermedium_BOU,F1,F1_top,12,5.96,0
Pentarhizidium_intermedium,Pentarhizidium_intermedium_BOU,F1,F1_top,13,6.589,0
Pentarhizidium_intermedium,Pentarhizidium_intermedium_BOU,F1,F1_top,14,6.677,0
Pentarhizidium_intermedium,Pentarhizidium_intermedium_BOU,F1,F1_top,15,7.14,0
Pentarhizidium_intermedium,Pentarhizidium_intermedium_BOU,F1,F1_top,16,6.665,0
Pentarhizidium_intermedium,Pentarhizidium_intermedium_BOU,F1,F1_top,17,6.359,0
Pentarhizidium_intermedium,Pentarhizidium_intermedium_BOU,F1,F1_top,18,6.354,0
Pentarhizidium_intermedium,Pentarhizidium_intermedium_BOU,F1,F1_top,19,6.539,0
Pentarhizidium_intermedium,Pentarhizidium_intermedium_BOU,F1,F1_top,20,6.442,0
Pentarhizidium_intermedium,Pentarhizidium_intermedium_BOU,F1,F1_top,1,3.227,100
Pentarhizidium_intermedium,Pentarhizidium_intermedium_BOU,F1,F1_top,2,3.533,100
Pentarhizidium_intermedium,Pentarhizidium_intermedium_BOU,F1,F1_top,3,3.844,100
Pentarhizidium_intermedium,Pentarhizidium_intermedium_BOU,F1,F1_top,4,3.768,100
Pentarhizidium_intermedium,Pentarhizidium_intermedium_BOU,F1,F1_top,5,3.844,100
Pentarhizidium_intermedium,Pentarhizidium_intermedium_BOU,F1,F1_top,6,3.92,100
Pentarhizidium_intermedium,Pentarhizidium_intermedium_BOU,F1,F1_top,7,3.682,100
Pentarhizidium_intermedium,Pentarhizidium_intermedium_BOU,F1,F1_top,8,3.768,100
Pentarhizidium_intermedium,Pentarhizidium_intermedium_BOU,F1,F1_top,9,3.835,100
Pentarhizidium_intermedium,Pentarhizidium_intermedium_BOU,F1,F1_top,10,3.775,100
Pentarhizidium_intermedium,Pentarhizidium_intermedium_BOU,F1,F1_top,11,3.375,100
Pentarhizidium_intermedium,Pentarhizidium_intermedium_BOU,F1,F1_top,12,3.603,100
Pentarhizidium_intermedium,Pentarhizidium_intermedium_BOU,F1,F1_top,13,3.839,100
Pentarhizidium_intermedium,Pentarhizidium_intermedium_BOU,F1,F1_top,14,3.758,100
Pentarhizidium_intermedium,Pentarhizidium_intermedium_BOU,F1,F1_top,15,4.218,100
Pentarhizidium_intermedium,Pentarhizidium_intermedium_BOU,F1,F1_top,16,4.073,100
Pentarhizidium_intermedium,Pentarhizidium_intermedium_BOU,F1,F1_top,17,3.793,100
Pentarhizidium_intermedium,Pentarhizidium_intermedium_BOU,F1,F1_top,18,3.992,100
Pentarhizidium_intermedium,Pentarhizidium_intermedium_BOU,F1,F1_top,19,3.539,100
Pentarhizidium_intermedium,Pentarhizidium_intermedium_BOU,F1,F1_top,20,2.913,100
Pentarhizidium_intermedium,Pentarhizidium_intermedium_BOU,G3,G3_bottom,1,6.7,0
Pentarhizidium_intermedium,Pentarhizidium_intermedium_BOU,G3,G3_bottom,2,6.752,0
Pentarhizidium_intermedium,Pentarhizidium_intermedium_BOU,G3,G3_bottom,3,5.586,0
Pentarhizidium_intermedium,Pentarhizidium_intermedium_BOU,G3,G3_bottom,4,6,0
Pentarhizidium_intermedium,Pentarhizidium_intermedium_BOU,G3,G3_bottom,5,6.167,0
Pentarhizidium_intermedium,Pentarhizidium_intermedium_BOU,G3,G3_bottom,6,7.084,0
Pentarhizidium_intermedium,Pentarhizidium_intermedium_BOU,G3,G3_bottom,7,7.671,0
Pentarhizidium_intermedium,Pentarhizidium_intermedium_BOU,G3,G3_bottom,8,7.75,0
Pentarhizidium_intermedium,Pentarhizidium_intermedium_BOU,G3,G3_bottom,9,6.775,0
Pentarhizidium_intermedium,Pentarhizidium_intermedium_BOU,G3,G3_bottom,10,5.586,0
Pentarhizidium_intermedium,Pentarhizidium_intermedium_BOU,G3,G3_bottom,11,7.421,0
Pentarhizidium_intermedium,Pentarhizidium_intermedium_BOU,G3,G3_bottom,12,6.5,0
Pentarhizidium_intermedium,Pentarhizidium_intermedium_BOU,G3,G3_bottom,13,6.252,0
Pentarhizidium_intermedium,Pentarhizidium_intermedium_BOU,G3,G3_bottom,14,6.25,0
Pentarhizidium_intermedium,Pentarhizidium_intermedium_BOU,G3,G3_bottom,15,6.333,0
Pentarhizidium_intermedium,Pentarhizidium_intermedium_BOU,G3,G3_bottom,16,6.75,0
Pentarhizidium_intermedium,Pentarhizidium_intermedium_BOU,G3,G3_bottom,17,6.925,0
Pentarhizidium_intermedium,Pentarhizidium_intermedium_BOU,G3,G3_bottom,18,6.084,0
Pentarhizidium_intermedium,Pentarhizidium_intermedium_BOU,G3,G3_bottom,19,6.259,0
Pentarhizidium_intermedium,Pentarhizidium_intermedium_BOU,G3,G3_bottom,20,6.338,0
Pentarhizidium_intermedium,Pentarhizidium_intermedium_BOU,G3,G3_bottom,1,4.582,100
Pentarhizidium_intermedium,Pentarhizidium_intermedium_BOU,G3,G3_bottom,2,4.409,100
Pentarhizidium_intermedium,Pentarhizidium_intermedium_BOU,G3,G3_bottom,3,4.183,100
Pentarhizidium_intermedium,Pentarhizidium_intermedium_BOU,G3,G3_bottom,4,4.042,100
Pentarhizidium_intermedium,Pentarhizidium_intermedium_BOU,G3,G3_bottom,5,4.113,100
Pentarhizidium_intermedium,Pentarhizidium_intermedium_BOU,G3,G3_bottom,6,4.435,100
Pentarhizidium_intermedium,Pentarhizidium_intermedium_BOU,G3,G3_bottom,7,4.512,100
Pentarhizidium_intermedium,Pentarhizidium_intermedium_BOU,G3,G3_bottom,8,4.895,100
Pentarhizidium_intermedium,Pentarhizidium_intermedium_BOU,G3,G3_bottom,9,4.565,100
Pentarhizidium_intermedium,Pentarhizidium_intermedium_BOU,G3,G3_bottom,10,4.447,100
Pentarhizidium_intermedium,Pentarhizidium_intermedium_BOU,G3,G3_bottom,11,3.848,100
Pentarhizidium_intermedium,Pentarhizidium_intermedium_BOU,G3,G3_bottom,12,4.046,100
Pentarhizidium_intermedium,Pentarhizidium_intermedium_BOU,G3,G3_bottom,13,3.979,100
Pentarhizidium_intermedium,Pentarhizidium_intermedium_BOU,G3,G3_bottom,14,3.913,100
Pentarhizidium_intermedium,Pentarhizidium_intermedium_BOU,G3,G3_bottom,15,3.332,100
Pentarhizidium_intermedium,Pentarhizidium_intermedium_BOU,G3,G3_bottom,16,3.065,100
Pentarhizidium_intermedium,Pentarhizidium_intermedium_BOU,G3,G3_bottom,17,2.87,100
Pentarhizidium_intermedium,Pentarhizidium_intermedium_BOU,G3,G3_bottom,18,3.522,100
Pentarhizidium_intermedium,Pentarhizidium_intermedium_BOU,G3,G3_bottom,19,3.196,100
Pentarhizidium_intermedium,Pentarhizidium_intermedium_BOU,G3,G3_bottom,20,2.938,100
Pentarhizidium_intermedium,Pentarhizidium_intermedium_BOU,H1,H1_top,1,4.424,0
Pentarhizidium_intermedium,Pentarhizidium_intermedium_BOU,H1,H1_top,2,4.489,0
Pentarhizidium_intermedium,Pentarhizidium_intermedium_BOU,H1,H1_top,3,4.359,0
Pentarhizidium_intermedium,Pentarhizidium_intermedium_BOU,H1,H1_top,4,5.148,0
Pentarhizidium_intermedium,Pentarhizidium_intermedium_BOU,H1,H1_top,5,5.706,0
Pentarhizidium_intermedium,Pentarhizidium_intermedium_BOU,H1,H1_top,6,5.643,0
Pentarhizidium_intermedium,Pentarhizidium_intermedium_BOU,H1,H1_top,7,5.386,0
Pentarhizidium_intermedium,Pentarhizidium_intermedium_BOU,H1,H1_top,8,5.645,0
Pentarhizidium_intermedium,Pentarhizidium_intermedium_BOU,H1,H1_top,9,5.193,0
Pentarhizidium_intermedium,Pentarhizidium_intermedium_BOU,H1,H1_top,10,4.552,0
Pentarhizidium_intermedium,Pentarhizidium_intermedium_BOU,H1,H1_top,11,5.193,0
Pentarhizidium_intermedium,Pentarhizidium_intermedium_BOU,H1,H1_top,12,6.219,0
Pentarhizidium_intermedium,Pentarhizidium_intermedium_BOU,H1,H1_top,13,7.13,0
Pentarhizidium_intermedium,Pentarhizidium_intermedium_BOU,H1,H1_top,14,5.514,0
Pentarhizidium_intermedium,Pentarhizidium_intermedium_BOU,H1,H1_top,15,5.706,0
Pentarhizidium_intermedium,Pentarhizidium_intermedium_BOU,H1,H1_top,16,5.645,0
Pentarhizidium_intermedium,Pentarhizidium_intermedium_BOU,H1,H1_top,17,5.455,0
Pentarhizidium_intermedium,Pentarhizidium_intermedium_BOU,H1,H1_top,18,5.968,0
Pentarhizidium_intermedium,Pentarhizidium_intermedium_BOU,H1,H1_top,19,5.835,0
Pentarhizidium_intermedium,Pentarhizidium_intermedium_BOU,H1,H1_top,20,6.154,0
Pentarhizidium_intermedium,Pentarhizidium_intermedium_BOU,H1,H1_top,1,3.84,100
Pentarhizidium_intermedium,Pentarhizidium_intermedium_BOU,H1,H1_top,2,4.017,100
Pentarhizidium_intermedium,Pentarhizidium_intermedium_BOU,H1,H1_top,3,4.371,100
Pentarhizidium_intermedium,Pentarhizidium_intermedium_BOU,H1,H1_top,4,4.253,100
Pentarhizidium_intermedium,Pentarhizidium_intermedium_BOU,H1,H1_top,5,4.43,100
Pentarhizidium_intermedium,Pentarhizidium_intermedium_BOU,H1,H1_top,6,4.43,100
Pentarhizidium_intermedium,Pentarhizidium_intermedium_BOU,H1,H1_top,7,4.549,100
Pentarhizidium_intermedium,Pentarhizidium_intermedium_BOU,H1,H1_top,8,4.434,100
Pentarhizidium_intermedium,Pentarhizidium_intermedium_BOU,H1,H1_top,9,4.49,100
Pentarhizidium_intermedium,Pentarhizidium_intermedium_BOU,H1,H1_top,10,4.49,100
Pentarhizidium_intermedium,Pentarhizidium_intermedium_BOU,H1,H1_top,11,3.015,100
Pentarhizidium_intermedium,Pentarhizidium_intermedium_BOU,H1,H1_top,12,3.251,100
Pentarhizidium_intermedium,Pentarhizidium_intermedium_BOU,H1,H1_top,13,3.313,100
Pentarhizidium_intermedium,Pentarhizidium_intermedium_BOU,H1,H1_top,14,3.604,100
Pentarhizidium_intermedium,Pentarhizidium_intermedium_BOU,H1,H1_top,15,3.663,100
Pentarhizidium_intermedium,Pentarhizidium_intermedium_BOU,H1,H1_top,16,3.545,100
Pentarhizidium_intermedium,Pentarhizidium_intermedium_BOU,H1,H1_top,17,4.017,100
Pentarhizidium_intermedium,Pentarhizidium_intermedium_BOU,H1,H1_top,18,4.135,100
Pentarhizidium_intermedium,Pentarhizidium_intermedium_BOU,H1,H1_top,19,4.135,100
Pentarhizidium_intermedium,Pentarhizidium_intermedium_BOU,H1,H1_top,20,3.722,100
Pentarhizidium_intermedium,Pentarhizidium_intermedium_BOU,I,I,1,6.957,0
Pentarhizidium_intermedium,Pentarhizidium_intermedium_BOU,I,I,2,6.704,0
Pentarhizidium_intermedium,Pentarhizidium_intermedium_BOU,I,I,3,6.388,0
Pentarhizidium_intermedium,Pentarhizidium_intermedium_BOU,I,I,4,6.009,0
Pentarhizidium_intermedium,Pentarhizidium_intermedium_BOU,I,I,5,5.594,0
Pentarhizidium_intermedium,Pentarhizidium_intermedium_BOU,I,I,6,5.631,0
Pentarhizidium_intermedium,Pentarhizidium_intermedium_BOU,I,I,7,5.84,0
Pentarhizidium_intermedium,Pentarhizidium_intermedium_BOU,I,I,8,6.104,0
Pentarhizidium_intermedium,Pentarhizidium_intermedium_BOU,I,I,9,6.802,0
Pentarhizidium_intermedium,Pentarhizidium_intermedium_BOU,I,I,10,7.664,0
Pentarhizidium_intermedium,Pentarhizidium_intermedium_BOU,I,I,11,5.565,0
Pentarhizidium_intermedium,Pentarhizidium_intermedium_BOU,I,I,12,6.071,0
Pentarhizidium_intermedium,Pentarhizidium_intermedium_BOU,I,I,13,6.092,0
Pentarhizidium_intermedium,Pentarhizidium_intermedium_BOU,I,I,14,5.882,0
Pentarhizidium_intermedium,Pentarhizidium_intermedium_BOU,I,I,15,5.789,0
Pentarhizidium_intermedium,Pentarhizidium_intermedium_BOU,I,I,16,5.405,0
Pentarhizidium_intermedium,Pentarhizidium_intermedium_BOU,I,I,17,5.252,0
Pentarhizidium_intermedium,Pentarhizidium_intermedium_BOU,I,I,18,5.628,0
Pentarhizidium_intermedium,Pentarhizidium_intermedium_BOU,I,I,19,5.381,0
Pentarhizidium_intermedium,Pentarhizidium_intermedium_BOU,I,I,20,5.881,0
Pentarhizidium_intermedium,Pentarhizidium_intermedium_BOU,I,I,1,3.367,100
Pentarhizidium_intermedium,Pentarhizidium_intermedium_BOU,I,I,2,3.756,100
Pentarhizidium_intermedium,Pentarhizidium_intermedium_BOU,I,I,3,3.626,100
Pentarhizidium_intermedium,Pentarhizidium_intermedium_BOU,I,I,4,3.822,100
Pentarhizidium_intermedium,Pentarhizidium_intermedium_BOU,I,I,5,3.432,100
Pentarhizidium_intermedium,Pentarhizidium_intermedium_BOU,I,I,6,3.432,100
Pentarhizidium_intermedium,Pentarhizidium_intermedium_BOU,I,I,7,3.305,100
Pentarhizidium_intermedium,Pentarhizidium_intermedium_BOU,I,I,8,3.432,100
Pentarhizidium_intermedium,Pentarhizidium_intermedium_BOU,I,I,9,3.563,100
Pentarhizidium_intermedium,Pentarhizidium_intermedium_BOU,I,I,10,4.275,100
Pentarhizidium_intermedium,Pentarhizidium_intermedium_BOU,I,I,11,3.434,100
Pentarhizidium_intermedium,Pentarhizidium_intermedium_BOU,I,I,12,3.434,100
Pentarhizidium_intermedium,Pentarhizidium_intermedium_BOU,I,I,13,4.015,100
Pentarhizidium_intermedium,Pentarhizidium_intermedium_BOU,I,I,14,4.339,100
Pentarhizidium_intermedium,Pentarhizidium_intermedium_BOU,I,I,15,4.469,100
Pentarhizidium_intermedium,Pentarhizidium_intermedium_BOU,I,I,16,4.468,100
Pentarhizidium_intermedium,Pentarhizidium_intermedium_BOU,I,I,17,5.115,100
Pentarhizidium_intermedium,Pentarhizidium_intermedium_BOU,I,I,18,5.31,100
Pentarhizidium_intermedium,Pentarhizidium_intermedium_BOU,I,I,19,4.863,100
Pentarhizidium_intermedium,Pentarhizidium_intermedium_BOU,I,I,20,4.734,100
Pentarhizidium_orientale,Pentarhizidium_orientale_TAG,A2,A2_middle,1,6.422,0
Pentarhizidium_orientale,Pentarhizidium_orientale_TAG,A2,A2_middle,2,6.548,0
Pentarhizidium_orientale,Pentarhizidium_orientale_TAG,A2,A2_middle,3,6.417,0
Pentarhizidium_orientale,Pentarhizidium_orientale_TAG,A2,A2_middle,4,6.417,0
Pentarhizidium_orientale,Pentarhizidium_orientale_TAG,A2,A2_middle,5,6.171,0
Pentarhizidium_orientale,Pentarhizidium_orientale_TAG,A2,A2_middle,6,6.543,0
Pentarhizidium_orientale,Pentarhizidium_orientale_TAG,A2,A2_middle,7,6.795,0
Pentarhizidium_orientale,Pentarhizidium_orientale_TAG,A2,A2_middle,8,6.679,0
Pentarhizidium_orientale,Pentarhizidium_orientale_TAG,A2,A2_middle,9,6.961,0
Pentarhizidium_orientale,Pentarhizidium_orientale_TAG,A2,A2_middle,10,6.796,0
Pentarhizidium_orientale,Pentarhizidium_orientale_TAG,A2,A2_middle,11,7.056,0
Pentarhizidium_orientale,Pentarhizidium_orientale_TAG,A2,A2_middle,12,7.056,0
Pentarhizidium_orientale,Pentarhizidium_orientale_TAG,A2,A2_middle,13,7.559,0
Pentarhizidium_orientale,Pentarhizidium_orientale_TAG,A2,A2_middle,14,7.425,0
Pentarhizidium_orientale,Pentarhizidium_orientale_TAG,A2,A2_middle,15,7.676,0
Pentarhizidium_orientale,Pentarhizidium_orientale_TAG,A2,A2_middle,16,8.182,0
Pentarhizidium_orientale,Pentarhizidium_orientale_TAG,A2,A2_middle,17,7.676,0
Pentarhizidium_orientale,Pentarhizidium_orientale_TAG,A2,A2_middle,18,7.943,0
Pentarhizidium_orientale,Pentarhizidium_orientale_TAG,A2,A2_middle,19,8.56,0
Pentarhizidium_orientale,Pentarhizidium_orientale_TAG,A2,A2_middle,20,9.189,0
Pentarhizidium_orientale,Pentarhizidium_orientale_TAG,A2,A2_middle,1,6.761,100
Pentarhizidium_orientale,Pentarhizidium_orientale_TAG,A2,A2_middle,2,7.236,100
Pentarhizidium_orientale,Pentarhizidium_orientale_TAG,A2,A2_middle,3,7.332,100
Pentarhizidium_orientale,Pentarhizidium_orientale_TAG,A2,A2_middle,4,7.236,100
Pentarhizidium_orientale,Pentarhizidium_orientale_TAG,A2,A2_middle,5,7.147,100
Pentarhizidium_orientale,Pentarhizidium_orientale_TAG,A2,A2_middle,6,7.622,100
Pentarhizidium_orientale,Pentarhizidium_orientale_TAG,A2,A2_middle,7,8.003,100
Pentarhizidium_orientale,Pentarhizidium_orientale_TAG,A2,A2_middle,8,8.095,100
Pentarhizidium_orientale,Pentarhizidium_orientale_TAG,A2,A2_middle,9,8.379,100
Pentarhizidium_orientale,Pentarhizidium_orientale_TAG,A2,A2_middle,10,8.76,100
Pentarhizidium_orientale,Pentarhizidium_orientale_TAG,A2,A2_middle,11,7.426,100
Pentarhizidium_orientale,Pentarhizidium_orientale_TAG,A2,A2_middle,12,7.331,100
Pentarhizidium_orientale,Pentarhizidium_orientale_TAG,A2,A2_middle,13,7.046,100
Pentarhizidium_orientale,Pentarhizidium_orientale_TAG,A2,A2_middle,14,7.429,100
Pentarhizidium_orientale,Pentarhizidium_orientale_TAG,A2,A2_middle,15,7.237,100
Pentarhizidium_orientale,Pentarhizidium_orientale_TAG,A2,A2_middle,16,7.046,100
Pentarhizidium_orientale,Pentarhizidium_orientale_TAG,A2,A2_middle,17,6.956,100
Pentarhizidium_orientale,Pentarhizidium_orientale_TAG,A2,A2_middle,18,6.855,100
Pentarhizidium_orientale,Pentarhizidium_orientale_TAG,A2,A2_middle,19,7.046,100
Pentarhizidium_orientale,Pentarhizidium_orientale_TAG,A2,A2_middle,20,7.046,100
Pentarhizidium_orientale,Pentarhizidium_orientale_TAG,B2,B2_middle,1,9.631,0
Pentarhizidium_orientale,Pentarhizidium_orientale_TAG,B2,B2_middle,2,9.125,0
Pentarhizidium_orientale,Pentarhizidium_orientale_TAG,B2,B2_middle,3,9.629,0
Pentarhizidium_orientale,Pentarhizidium_orientale_TAG,B2,B2_middle,4,8.798,0
Pentarhizidium_orientale,Pentarhizidium_orientale_TAG,B2,B2_middle,5,9.303,0
Pentarhizidium_orientale,Pentarhizidium_orientale_TAG,B2,B2_middle,6,8.9,0
Pentarhizidium_orientale,Pentarhizidium_orientale_TAG,B2,B2_middle,7,9.428,0
Pentarhizidium_orientale,Pentarhizidium_orientale_TAG,B2,B2_middle,8,9.316,0
Pentarhizidium_orientale,Pentarhizidium_orientale_TAG,B2,B2_middle,9,9.94,0
Pentarhizidium_orientale,Pentarhizidium_orientale_TAG,B2,B2_middle,10,10.437,0
Pentarhizidium_orientale,Pentarhizidium_orientale_TAG,B2,B2_middle,11,9.402,0
Pentarhizidium_orientale,Pentarhizidium_orientale_TAG,B2,B2_middle,12,9.2,0
Pentarhizidium_orientale,Pentarhizidium_orientale_TAG,B2,B2_middle,13,8.524,0
Pentarhizidium_orientale,Pentarhizidium_orientale_TAG,B2,B2_middle,14,8.797,0
Pentarhizidium_orientale,Pentarhizidium_orientale_TAG,B2,B2_middle,15,8.799,0
Pentarhizidium_orientale,Pentarhizidium_orientale_TAG,B2,B2_middle,16,9.805,0
Pentarhizidium_orientale,Pentarhizidium_orientale_TAG,B2,B2_middle,17,10.537,0
Pentarhizidium_orientale,Pentarhizidium_orientale_TAG,B2,B2_middle,18,10.347,0
Pentarhizidium_orientale,Pentarhizidium_orientale_TAG,B2,B2_middle,19,10.343,0
Pentarhizidium_orientale,Pentarhizidium_orientale_TAG,B2,B2_middle,20,10.663,0
Pentarhizidium_orientale,Pentarhizidium_orientale_TAG,B2,B2_middle,1,6.553,100
Pentarhizidium_orientale,Pentarhizidium_orientale_TAG,B2,B2_middle,2,6.443,100
Pentarhizidium_orientale,Pentarhizidium_orientale_TAG,B2,B2_middle,3,6.22,100
Pentarhizidium_orientale,Pentarhizidium_orientale_TAG,B2,B2_middle,4,5.664,100
Pentarhizidium_orientale,Pentarhizidium_orientale_TAG,B2,B2_middle,5,5.78,100
Pentarhizidium_orientale,Pentarhizidium_orientale_TAG,B2,B2_middle,6,5.777,100
Pentarhizidium_orientale,Pentarhizidium_orientale_TAG,B2,B2_middle,7,5.558,100
Pentarhizidium_orientale,Pentarhizidium_orientale_TAG,B2,B2_middle,8,6.229,100
Pentarhizidium_orientale,Pentarhizidium_orientale_TAG,B2,B2_middle,9,6.446,100
Pentarhizidium_orientale,Pentarhizidium_orientale_TAG,B2,B2_middle,10,6.798,100
Pentarhizidium_orientale,Pentarhizidium_orientale_TAG,B2,B2_middle,11,6.775,100
Pentarhizidium_orientale,Pentarhizidium_orientale_TAG,B2,B2_middle,12,5.666,100
Pentarhizidium_orientale,Pentarhizidium_orientale_TAG,B2,B2_middle,13,6.113,100
Pentarhizidium_orientale,Pentarhizidium_orientale_TAG,B2,B2_middle,14,6.331,100
Pentarhizidium_orientale,Pentarhizidium_orientale_TAG,B2,B2_middle,15,6.22,100
Pentarhizidium_orientale,Pentarhizidium_orientale_TAG,B2,B2_middle,16,7.56,100
Pentarhizidium_orientale,Pentarhizidium_orientale_TAG,B2,B2_middle,17,8.22,100
Pentarhizidium_orientale,Pentarhizidium_orientale_TAG,B2,B2_middle,18,8.664,100
Pentarhizidium_orientale,Pentarhizidium_orientale_TAG,B2,B2_middle,19,7.998,100
Pentarhizidium_orientale,Pentarhizidium_orientale_TAG,B2,B2_middle,20,8.337,100
Pentarhizidium_orientale,Pentarhizidium_orientale_TAG,C2,C2_middle,1,6.225,0
Pentarhizidium_orientale,Pentarhizidium_orientale_TAG,C2,C2_middle,2,6.525,0
Pentarhizidium_orientale,Pentarhizidium_orientale_TAG,C2,C2_middle,3,6.495,0
Pentarhizidium_orientale,Pentarhizidium_orientale_TAG,C2,C2_middle,4,6.407,0
Pentarhizidium_orientale,Pentarhizidium_orientale_TAG,C2,C2_middle,5,6.676,0
Pentarhizidium_orientale,Pentarhizidium_orientale_TAG,C2,C2_middle,6,7.038,0
Pentarhizidium_orientale,Pentarhizidium_orientale_TAG,C2,C2_middle,7,7.036,0
Pentarhizidium_orientale,Pentarhizidium_orientale_TAG,C2,C2_middle,8,7.236,0
Pentarhizidium_orientale,Pentarhizidium_orientale_TAG,C2,C2_middle,9,7.126,0
Pentarhizidium_orientale,Pentarhizidium_orientale_TAG,C2,C2_middle,10,7.766,0
Pentarhizidium_orientale,Pentarhizidium_orientale_TAG,C2,C2_middle,11,6.24,0
Pentarhizidium_orientale,Pentarhizidium_orientale_TAG,C2,C2_middle,12,6.946,0
Pentarhizidium_orientale,Pentarhizidium_orientale_TAG,C2,C2_middle,13,7.307,0
Pentarhizidium_orientale,Pentarhizidium_orientale_TAG,C2,C2_middle,14,7.399,0
Pentarhizidium_orientale,Pentarhizidium_orientale_TAG,C2,C2_middle,15,8.226,0
Pentarhizidium_orientale,Pentarhizidium_orientale_TAG,C2,C2_middle,16,8.301,0
Pentarhizidium_orientale,Pentarhizidium_orientale_TAG,C2,C2_middle,17,8.48,0
Pentarhizidium_orientale,Pentarhizidium_orientale_TAG,C2,C2_middle,18,8.569,0
Pentarhizidium_orientale,Pentarhizidium_orientale_TAG,C2,C2_middle,19,8.299,0
Pentarhizidium_orientale,Pentarhizidium_orientale_TAG,C2,C2_middle,20,8.21,0
Pentarhizidium_orientale,Pentarhizidium_orientale_TAG,C2,C2_middle,1,6.994,100
Pentarhizidium_orientale,Pentarhizidium_orientale_TAG,C2,C2_middle,2,6.995,100
Pentarhizidium_orientale,Pentarhizidium_orientale_TAG,C2,C2_middle,3,6.713,100
Pentarhizidium_orientale,Pentarhizidium_orientale_TAG,C2,C2_middle,4,6.23,100
Pentarhizidium_orientale,Pentarhizidium_orientale_TAG,C2,C2_middle,5,5.943,100
Pentarhizidium_orientale,Pentarhizidium_orientale_TAG,C2,C2_middle,6,5.941,100
Pentarhizidium_orientale,Pentarhizidium_orientale_TAG,C2,C2_middle,7,6.324,100
Pentarhizidium_orientale,Pentarhizidium_orientale_TAG,C2,C2_middle,8,6.706,100
Pentarhizidium_orientale,Pentarhizidium_orientale_TAG,C2,C2_middle,9,6.622,100
Pentarhizidium_orientale,Pentarhizidium_orientale_TAG,C2,C2_middle,10,6.326,100
Pentarhizidium_orientale,Pentarhizidium_orientale_TAG,C2,C2_middle,11,3.546,100
Pentarhizidium_orientale,Pentarhizidium_orientale_TAG,C2,C2_middle,12,4.025,100
Pentarhizidium_orientale,Pentarhizidium_orientale_TAG,C2,C2_middle,13,4.507,100
Pentarhizidium_orientale,Pentarhizidium_orientale_TAG,C2,C2_middle,14,4.698,100
Pentarhizidium_orientale,Pentarhizidium_orientale_TAG,C2,C2_middle,15,5.461,100
Pentarhizidium_orientale,Pentarhizidium_orientale_TAG,C2,C2_middle,16,5.365,100
Pentarhizidium_orientale,Pentarhizidium_orientale_TAG,C2,C2_middle,17,4.986,100
Pentarhizidium_orientale,Pentarhizidium_orientale_TAG,C2,C2_middle,18,4.982,100
Pentarhizidium_orientale,Pentarhizidium_orientale_TAG,C2,C2_middle,19,3.736,100
Pentarhizidium_orientale,Pentarhizidium_orientale_TAG,C2,C2_middle,20,3.933,100
Pentarhizidium_orientale,Pentarhizidium_orientale_TAG,D3,D3_middle,1,13.693,0
Pentarhizidium_orientale,Pentarhizidium_orientale_TAG,D3,D3_middle,2,13.579,0
Pentarhizidium_orientale,Pentarhizidium_orientale_TAG,D3,D3_middle,3,13.016,0
Pentarhizidium_orientale,Pentarhizidium_orientale_TAG,D3,D3_middle,4,13.478,0
Pentarhizidium_orientale,Pentarhizidium_orientale_TAG,D3,D3_middle,5,12.792,0
Pentarhizidium_orientale,Pentarhizidium_orientale_TAG,D3,D3_middle,6,13.158,0
Pentarhizidium_orientale,Pentarhizidium_orientale_TAG,D3,D3_middle,7,12.579,0
Pentarhizidium_orientale,Pentarhizidium_orientale_TAG,D3,D3_middle,8,12.353,0
Pentarhizidium_orientale,Pentarhizidium_orientale_TAG,D3,D3_middle,9,12.009,0
Pentarhizidium_orientale,Pentarhizidium_orientale_TAG,D3,D3_middle,10,12.014,0
Pentarhizidium_orientale,Pentarhizidium_orientale_TAG,D3,D3_middle,11,15.62,0
Pentarhizidium_orientale,Pentarhizidium_orientale_TAG,D3,D3_middle,12,16.184,0
Pentarhizidium_orientale,Pentarhizidium_orientale_TAG,D3,D3_middle,13,16.299,0
Pentarhizidium_orientale,Pentarhizidium_orientale_TAG,D3,D3_middle,14,15.962,0
Pentarhizidium_orientale,Pentarhizidium_orientale_TAG,D3,D3_middle,15,15.277,0
Pentarhizidium_orientale,Pentarhizidium_orientale_TAG,D3,D3_middle,16,15.504,0
Pentarhizidium_orientale,Pentarhizidium_orientale_TAG,D3,D3_middle,17,16.865,0
Pentarhizidium_orientale,Pentarhizidium_orientale_TAG,D3,D3_middle,18,18.559,0
Pentarhizidium_orientale,Pentarhizidium_orientale_TAG,D3,D3_middle,19,20.261,0
Pentarhizidium_orientale,Pentarhizidium_orientale_TAG,D3,D3_middle,20,21.163,0
Pentarhizidium_orientale,Pentarhizidium_orientale_TAG,D3,D3_middle,1,6.612,100
Pentarhizidium_orientale,Pentarhizidium_orientale_TAG,D3,D3_middle,2,6.612,100
Pentarhizidium_orientale,Pentarhizidium_orientale_TAG,D3,D3_middle,3,6.991,100
Pentarhizidium_orientale,Pentarhizidium_orientale_TAG,D3,D3_middle,4,6.991,100
Pentarhizidium_orientale,Pentarhizidium_orientale_TAG,D3,D3_middle,5,6.99,100
Pentarhizidium_orientale,Pentarhizidium_orientale_TAG,D3,D3_middle,6,7.369,100
Pentarhizidium_orientale,Pentarhizidium_orientale_TAG,D3,D3_middle,7,7.84,100
Pentarhizidium_orientale,Pentarhizidium_orientale_TAG,D3,D3_middle,8,7.935,100
Pentarhizidium_orientale,Pentarhizidium_orientale_TAG,D3,D3_middle,9,8.408,100
Pentarhizidium_orientale,Pentarhizidium_orientale_TAG,D3,D3_middle,10,9.545,100
Pentarhizidium_orientale,Pentarhizidium_orientale_TAG,D3,D3_middle,11,7.949,100
Pentarhizidium_orientale,Pentarhizidium_orientale_TAG,D3,D3_middle,12,7.748,100
Pentarhizidium_orientale,Pentarhizidium_orientale_TAG,D3,D3_middle,13,7.751,100
Pentarhizidium_orientale,Pentarhizidium_orientale_TAG,D3,D3_middle,14,7.755,100
Pentarhizidium_orientale,Pentarhizidium_orientale_TAG,D3,D3_middle,15,7.283,100
Pentarhizidium_orientale,Pentarhizidium_orientale_TAG,D3,D3_middle,16,7.279,100
Pentarhizidium_orientale,Pentarhizidium_orientale_TAG,D3,D3_middle,17,7.179,100
Pentarhizidium_orientale,Pentarhizidium_orientale_TAG,D3,D3_middle,18,7.368,100
Pentarhizidium_orientale,Pentarhizidium_orientale_TAG,D3,D3_middle,19,7.477,100
Pentarhizidium_orientale,Pentarhizidium_orientale_TAG,D3,D3_middle,20,7.182,100
Matteuccia_struthiopteris,Matteuccia_struthiopteris_MLF,A2,A2_middle,1,7.027,0
Matteuccia_struthiopteris,Matteuccia_struthiopteris_MLF,A2,A2_middle,2,6.728,0
Matteuccia_struthiopteris,Matteuccia_struthiopteris_MLF,A2,A2_middle,3,6.358,0
Matteuccia_struthiopteris,Matteuccia_struthiopteris_MLF,A2,A2_middle,4,6.728,0
Matteuccia_struthiopteris,Matteuccia_struthiopteris_MLF,A2,A2_middle,5,7.102,0
Matteuccia_struthiopteris,Matteuccia_struthiopteris_MLF,A2,A2_middle,6,7.251,0
Matteuccia_struthiopteris,Matteuccia_struthiopteris_MLF,A2,A2_middle,7,7.631,0
Matteuccia_struthiopteris,Matteuccia_struthiopteris_MLF,A2,A2_middle,8,8.569,0
Matteuccia_struthiopteris,Matteuccia_struthiopteris_MLF,A2,A2_middle,9,7.844,0
Matteuccia_struthiopteris,Matteuccia_struthiopteris_MLF,A2,A2_middle,10,7.661,0
Matteuccia_struthiopteris,Matteuccia_struthiopteris_MLF,A2,A2_middle,11,6.829,0
Matteuccia_struthiopteris,Matteuccia_struthiopteris_MLF,A2,A2_middle,12,7.489,0
Matteuccia_struthiopteris,Matteuccia_struthiopteris_MLF,A2,A2_middle,13,7.326,0
Matteuccia_struthiopteris,Matteuccia_struthiopteris_MLF,A2,A2_middle,14,7.255,0
Matteuccia_struthiopteris,Matteuccia_struthiopteris_MLF,A2,A2_middle,15,8.525,0
Matteuccia_struthiopteris,Matteuccia_struthiopteris_MLF,A2,A2_middle,16,8.8,0
Matteuccia_struthiopteris,Matteuccia_struthiopteris_MLF,A2,A2_middle,17,9.801,0
Matteuccia_struthiopteris,Matteuccia_struthiopteris_MLF,A2,A2_middle,18,8.02,0
Matteuccia_struthiopteris,Matteuccia_struthiopteris_MLF,A2,A2_middle,19,9.244,0
Matteuccia_struthiopteris,Matteuccia_struthiopteris_MLF,A2,A2_middle,20,9.763,0
Matteuccia_struthiopteris,Matteuccia_struthiopteris_MLF,A2,A2_middle,1,6.619,100
Matteuccia_struthiopteris,Matteuccia_struthiopteris_MLF,A2,A2_middle,2,6.407,100
Matteuccia_struthiopteris,Matteuccia_struthiopteris_MLF,A2,A2_middle,3,6.48,100
Matteuccia_struthiopteris,Matteuccia_struthiopteris_MLF,A2,A2_middle,4,6.042,100
Matteuccia_struthiopteris,Matteuccia_struthiopteris_MLF,A2,A2_middle,5,5.897,100
Matteuccia_struthiopteris,Matteuccia_struthiopteris_MLF,A2,A2_middle,6,7.236,100
Matteuccia_struthiopteris,Matteuccia_struthiopteris_MLF,A2,A2_middle,7,6.633,100
Matteuccia_struthiopteris,Matteuccia_struthiopteris_MLF,A2,A2_middle,8,6.332,100
Matteuccia_struthiopteris,Matteuccia_struthiopteris_MLF,A2,A2_middle,9,6.701,100
Matteuccia_struthiopteris,Matteuccia_struthiopteris_MLF,A2,A2_middle,10,6.609,100
Matteuccia_struthiopteris,Matteuccia_struthiopteris_MLF,A2,A2_middle,11,6.691,100
Matteuccia_struthiopteris,Matteuccia_struthiopteris_MLF,A2,A2_middle,12,6.78,100
Matteuccia_struthiopteris,Matteuccia_struthiopteris_MLF,A2,A2_middle,13,7.279,100
Matteuccia_struthiopteris,Matteuccia_struthiopteris_MLF,A2,A2_middle,14,6.995,100
Matteuccia_struthiopteris,Matteuccia_struthiopteris_MLF,A2,A2_middle,15,7.481,100
Matteuccia_struthiopteris,Matteuccia_struthiopteris_MLF,A2,A2_middle,16,6.553,100
Matteuccia_struthiopteris,Matteuccia_struthiopteris_MLF,A2,A2_middle,17,6.611,100
Matteuccia_struthiopteris,Matteuccia_struthiopteris_MLF,A2,A2_middle,18,7.055,100
Matteuccia_struthiopteris,Matteuccia_struthiopteris_MLF,A2,A2_middle,19,6.129,100
Matteuccia_struthiopteris,Matteuccia_struthiopteris_MLF,A2,A2_middle,20,5.579,100
Matteuccia_struthiopteris,Matteuccia_struthiopteris_MLF,B2,B2_middle,1,6.165,0
Matteuccia_struthiopteris,Matteuccia_struthiopteris_MLF,B2,B2_middle,2,6.937,0
Matteuccia_struthiopteris,Matteuccia_struthiopteris_MLF,B2,B2_middle,3,7.101,0
Matteuccia_struthiopteris,Matteuccia_struthiopteris_MLF,B2,B2_middle,4,7.841,0
Matteuccia_struthiopteris,Matteuccia_struthiopteris_MLF,B2,B2_middle,5,6.488,0
Matteuccia_struthiopteris,Matteuccia_struthiopteris_MLF,B2,B2_middle,6,6.581,0
Matteuccia_struthiopteris,Matteuccia_struthiopteris_MLF,B2,B2_middle,7,6.51,0
Matteuccia_struthiopteris,Matteuccia_struthiopteris_MLF,B2,B2_middle,8,6.099,0
Matteuccia_struthiopteris,Matteuccia_struthiopteris_MLF,B2,B2_middle,9,6.307,0
Matteuccia_struthiopteris,Matteuccia_struthiopteris_MLF,B2,B2_middle,10,6.282,0
Matteuccia_struthiopteris,Matteuccia_struthiopteris_MLF,B2,B2_middle,11,7.474,0
Matteuccia_struthiopteris,Matteuccia_struthiopteris_MLF,B2,B2_middle,12,6.849,0
Matteuccia_struthiopteris,Matteuccia_struthiopteris_MLF,B2,B2_middle,13,7.407,0
Matteuccia_struthiopteris,Matteuccia_struthiopteris_MLF,B2,B2_middle,14,7.367,0
Matteuccia_struthiopteris,Matteuccia_struthiopteris_MLF,B2,B2_middle,15,8.223,0
Matteuccia_struthiopteris,Matteuccia_struthiopteris_MLF,B2,B2_middle,16,7.526,0
Matteuccia_struthiopteris,Matteuccia_struthiopteris_MLF,B2,B2_middle,17,7.284,0
Matteuccia_struthiopteris,Matteuccia_struthiopteris_MLF,B2,B2_middle,18,7.96,0
Matteuccia_struthiopteris,Matteuccia_struthiopteris_MLF,B2,B2_middle,19,8.02,0
Matteuccia_struthiopteris,Matteuccia_struthiopteris_MLF,B2,B2_middle,20,7.465,0
Matteuccia_struthiopteris,Matteuccia_struthiopteris_MLF,B2,B2_middle,1,4.311,100
Matteuccia_struthiopteris,Matteuccia_struthiopteris_MLF,B2,B2_middle,2,5.275,100
Matteuccia_struthiopteris,Matteuccia_struthiopteris_MLF,B2,B2_middle,3,5.183,100
Matteuccia_struthiopteris,Matteuccia_struthiopteris_MLF,B2,B2_middle,4,4.72,100
Matteuccia_struthiopteris,Matteuccia_struthiopteris_MLF,B2,B2_middle,5,4.869,100
Matteuccia_struthiopteris,Matteuccia_struthiopteris_MLF,B2,B2_middle,6,5.187,100
Matteuccia_struthiopteris,Matteuccia_struthiopteris_MLF,B2,B2_middle,7,5.138,100
Matteuccia_struthiopteris,Matteuccia_struthiopteris_MLF,B2,B2_middle,8,5.183,100
Matteuccia_struthiopteris,Matteuccia_struthiopteris_MLF,B2,B2_middle,9,5.138,100
Matteuccia_struthiopteris,Matteuccia_struthiopteris_MLF,B2,B2_middle,10,4.499,100
Matteuccia_struthiopteris,Matteuccia_struthiopteris_MLF,B2,B2_middle,11,4.502,100
Matteuccia_struthiopteris,Matteuccia_struthiopteris_MLF,B2,B2_middle,12,5.024,100
Matteuccia_struthiopteris,Matteuccia_struthiopteris_MLF,B2,B2_middle,13,5.655,100
Matteuccia_struthiopteris,Matteuccia_struthiopteris_MLF,B2,B2_middle,14,5.873,100
Matteuccia_struthiopteris,Matteuccia_struthiopteris_MLF,B2,B2_middle,15,6.801,100
Matteuccia_struthiopteris,Matteuccia_struthiopteris_MLF,B2,B2_middle,16,6.648,100
Matteuccia_struthiopteris,Matteuccia_struthiopteris_MLF,B2,B2_middle,17,7.043,100
Matteuccia_struthiopteris,Matteuccia_struthiopteris_MLF,B2,B2_middle,18,6.521,100
Matteuccia_struthiopteris,Matteuccia_struthiopteris_MLF,B2,B2_middle,19,5.569,100
Matteuccia_struthiopteris,Matteuccia_struthiopteris_MLF,B2,B2_middle,20,4.869,100
Matteuccia_struthiopteris,Matteuccia_struthiopteris_MLF,C3,C3_bottom,1,7.482,0
Matteuccia_struthiopteris,Matteuccia_struthiopteris_MLF,C3,C3_bottom,2,6.637,0
Matteuccia_struthiopteris,Matteuccia_struthiopteris_MLF,C3,C3_bottom,3,6.424,0
Matteuccia_struthiopteris,Matteuccia_struthiopteris_MLF,C3,C3_bottom,4,6.649,0
Matteuccia_struthiopteris,Matteuccia_struthiopteris_MLF,C3,C3_bottom,5,6.424,0
Matteuccia_struthiopteris,Matteuccia_struthiopteris_MLF,C3,C3_bottom,6,7.522,0
Matteuccia_struthiopteris,Matteuccia_struthiopteris_MLF,C3,C3_bottom,7,7.553,0
Matteuccia_struthiopteris,Matteuccia_struthiopteris_MLF,C3,C3_bottom,8,7.324,0
Matteuccia_struthiopteris,Matteuccia_struthiopteris_MLF,C3,C3_bottom,9,8.201,0
Matteuccia_struthiopteris,Matteuccia_struthiopteris_MLF,C3,C3_bottom,10,8.46,0
Matteuccia_struthiopteris,Matteuccia_struthiopteris_MLF,C3,C3_bottom,11,6.215,0
Matteuccia_struthiopteris,Matteuccia_struthiopteris_MLF,C3,C3_bottom,12,5.663,0
Matteuccia_struthiopteris,Matteuccia_struthiopteris_MLF,C3,C3_bottom,13,5.77,0
Matteuccia_struthiopteris,Matteuccia_struthiopteris_MLF,C3,C3_bottom,14,6.05,0
Matteuccia_struthiopteris,Matteuccia_struthiopteris_MLF,C3,C3_bottom,15,6.47,0
Matteuccia_struthiopteris,Matteuccia_struthiopteris_MLF,C3,C3_bottom,16,6.566,0
Matteuccia_struthiopteris,Matteuccia_struthiopteris_MLF,C3,C3_bottom,17,6.659,0
Matteuccia_struthiopteris,Matteuccia_struthiopteris_MLF,C3,C3_bottom,18,6.462,0
Matteuccia_struthiopteris,Matteuccia_struthiopteris_MLF,C3,C3_bottom,19,6.899,0
Matteuccia_struthiopteris,Matteuccia_struthiopteris_MLF,C3,C3_bottom,20,7.617,0
Matteuccia_struthiopteris,Matteuccia_struthiopteris_MLF,C3,C3_bottom,1,3.667,100
Matteuccia_struthiopteris,Matteuccia_struthiopteris_MLF,C3,C3_bottom,2,4.676,100
Matteuccia_struthiopteris,Matteuccia_struthiopteris_MLF,C3,C3_bottom,3,4.46,100
Matteuccia_struthiopteris,Matteuccia_struthiopteris_MLF,C3,C3_bottom,4,5.41,100
Matteuccia_struthiopteris,Matteuccia_struthiopteris_MLF,C3,C3_bottom,5,5.896,100
Matteuccia_struthiopteris,Matteuccia_struthiopteris_MLF,C3,C3_bottom,6,6.634,100
Matteuccia_struthiopteris,Matteuccia_struthiopteris_MLF,C3,C3_bottom,7,6.98,100
Matteuccia_struthiopteris,Matteuccia_struthiopteris_MLF,C3,C3_bottom,8,6.528,100
Matteuccia_struthiopteris,Matteuccia_struthiopteris_MLF,C3,C3_bottom,9,6.091,100
Matteuccia_struthiopteris,Matteuccia_struthiopteris_MLF,C3,C3_bottom,10,5.536,100
Matteuccia_struthiopteris,Matteuccia_struthiopteris_MLF,C3,C3_bottom,11,6.126,100
Matteuccia_struthiopteris,Matteuccia_struthiopteris_MLF,C3,C3_bottom,12,5.835,100
Matteuccia_struthiopteris,Matteuccia_struthiopteris_MLF,C3,C3_bottom,13,5.664,100
Matteuccia_struthiopteris,Matteuccia_struthiopteris_MLF,C3,C3_bottom,14,6.212,100
Matteuccia_struthiopteris,Matteuccia_struthiopteris_MLF,C3,C3_bottom,15,6.068,100
Matteuccia_struthiopteris,Matteuccia_struthiopteris_MLF,C3,C3_bottom,16,5.625,100
Matteuccia_struthiopteris,Matteuccia_struthiopteris_MLF,C3,C3_bottom,17,5.995,100
Matteuccia_struthiopteris,Matteuccia_struthiopteris_MLF,C3,C3_bottom,18,5.177,100
Matteuccia_struthiopteris,Matteuccia_struthiopteris_MLF,C3,C3_bottom,19,4.932,100
Matteuccia_struthiopteris,Matteuccia_struthiopteris_MLF,C3,C3_bottom,20,4.98,100
Matteuccia_struthiopteris,Matteuccia_struthiopteris_MLF,D3,D3_bottom,1,5.87,0
Matteuccia_struthiopteris,Matteuccia_struthiopteris_MLF,D3,D3_bottom,2,5.867,0
Matteuccia_struthiopteris,Matteuccia_struthiopteris_MLF,D3,D3_bottom,3,6.342,0
Matteuccia_struthiopteris,Matteuccia_struthiopteris_MLF,D3,D3_bottom,4,6.532,0
Matteuccia_struthiopteris,Matteuccia_struthiopteris_MLF,D3,D3_bottom,5,5.699,0
Matteuccia_struthiopteris,Matteuccia_struthiopteris_MLF,D3,D3_bottom,6,6.39,0
Matteuccia_struthiopteris,Matteuccia_struthiopteris_MLF,D3,D3_bottom,7,6.741,0
Matteuccia_struthiopteris,Matteuccia_struthiopteris_MLF,D3,D3_bottom,8,6.5,0
Matteuccia_struthiopteris,Matteuccia_struthiopteris_MLF,D3,D3_bottom,9,6.067,0
Matteuccia_struthiopteris,Matteuccia_struthiopteris_MLF,D3,D3_bottom,10,7.007,0
Matteuccia_struthiopteris,Matteuccia_struthiopteris_MLF,D3,D3_bottom,11,5.8,0
Matteuccia_struthiopteris,Matteuccia_struthiopteris_MLF,D3,D3_bottom,12,6.675,0
Matteuccia_struthiopteris,Matteuccia_struthiopteris_MLF,D3,D3_bottom,13,6.608,0
Matteuccia_struthiopteris,Matteuccia_struthiopteris_MLF,D3,D3_bottom,14,6.333,0
Matteuccia_struthiopteris,Matteuccia_struthiopteris_MLF,D3,D3_bottom,15,5.853,0
Matteuccia_struthiopteris,Matteuccia_struthiopteris_MLF,D3,D3_bottom,16,6.919,0
Matteuccia_struthiopteris,Matteuccia_struthiopteris_MLF,D3,D3_bottom,17,5.648,0
Matteuccia_struthiopteris,Matteuccia_struthiopteris_MLF,D3,D3_bottom,18,5.216,0
Matteuccia_struthiopteris,Matteuccia_struthiopteris_MLF,D3,D3_bottom,19,5.821,0
Matteuccia_struthiopteris,Matteuccia_struthiopteris_MLF,D3,D3_bottom,20,5.867,0
Matteuccia_struthiopteris,Matteuccia_struthiopteris_MLF,D3,D3_bottom,1,5.744,100
Matteuccia_struthiopteris,Matteuccia_struthiopteris_MLF,D3,D3_bottom,2,5.313,100
Matteuccia_struthiopteris,Matteuccia_struthiopteris_MLF,D3,D3_bottom,3,6.303,100
Matteuccia_struthiopteris,Matteuccia_struthiopteris_MLF,D3,D3_bottom,4,5.968,100
Matteuccia_struthiopteris,Matteuccia_struthiopteris_MLF,D3,D3_bottom,5,5.842,100
Matteuccia_struthiopteris,Matteuccia_struthiopteris_MLF,D3,D3_bottom,6,5.846,100
Matteuccia_struthiopteris,Matteuccia_struthiopteris_MLF,D3,D3_bottom,7,6.03,100
Matteuccia_struthiopteris,Matteuccia_struthiopteris_MLF,D3,D3_bottom,8,6.516,100
Matteuccia_struthiopteris,Matteuccia_struthiopteris_MLF,D3,D3_bottom,9,6.588,100
Matteuccia_struthiopteris,Matteuccia_struthiopteris_MLF,D3,D3_bottom,10,5.74,100
Matteuccia_struthiopteris,Matteuccia_struthiopteris_MLF,D3,D3_bottom,11,6.105,100
Matteuccia_struthiopteris,Matteuccia_struthiopteris_MLF,D3,D3_bottom,12,6.035,100
Matteuccia_struthiopteris,Matteuccia_struthiopteris_MLF,D3,D3_bottom,13,6.002,100
Matteuccia_struthiopteris,Matteuccia_struthiopteris_MLF,D3,D3_bottom,14,5.11,100
Matteuccia_struthiopteris,Matteuccia_struthiopteris_MLF,D3,D3_bottom,15,5.518,100
Matteuccia_struthiopteris,Matteuccia_struthiopteris_MLF,D3,D3_bottom,16,5.207,100
Matteuccia_struthiopteris,Matteuccia_struthiopteris_MLF,D3,D3_bottom,17,4.572,100
Matteuccia_struthiopteris,Matteuccia_struthiopteris_MLF,D3,D3_bottom,18,4.482,100
Matteuccia_struthiopteris,Matteuccia_struthiopteris_MLF,D3,D3_bottom,19,5.353,100
Matteuccia_struthiopteris,Matteuccia_struthiopteris_MLF,D3,D3_bottom,20,3.674,100
Matteuccia_struthiopteris,Matteuccia_struthiopteris_FWH,A,A_top,1,5.232,0
Matteuccia_struthiopteris,Matteuccia_struthiopteris_FWH,A,A_top,2,5.297,0
Matteuccia_struthiopteris,Matteuccia_struthiopteris_FWH,A,A_top,3,5.558,0
Matteuccia_struthiopteris,Matteuccia_struthiopteris_FWH,A,A_top,4,4.859,0
Matteuccia_struthiopteris,Matteuccia_struthiopteris_FWH,A,A_top,5,5.252,0
Matteuccia_struthiopteris,Matteuccia_struthiopteris_FWH,A,A_top,6,4.904,0
Matteuccia_struthiopteris,Matteuccia_struthiopteris_FWH,A,A_top,7,5.213,0
Matteuccia_struthiopteris,Matteuccia_struthiopteris_FWH,A,A_top,8,5.226,0
Matteuccia_struthiopteris,Matteuccia_struthiopteris_FWH,A,A_top,9,5.465,0
Matteuccia_struthiopteris,Matteuccia_struthiopteris_FWH,A,A_top,10,6.002,0
Matteuccia_struthiopteris,Matteuccia_struthiopteris_FWH,A,A_top,1,3.043,100
Matteuccia_struthiopteris,Matteuccia_struthiopteris_FWH,A,A_top,2,2.978,100
Matteuccia_struthiopteris,Matteuccia_struthiopteris_FWH,A,A_top,3,3.021,100
Matteuccia_struthiopteris,Matteuccia_struthiopteris_FWH,A,A_top,4,3.522,100
Matteuccia_struthiopteris,Matteuccia_struthiopteris_FWH,A,A_top,5,2.826,100
Matteuccia_struthiopteris,Matteuccia_struthiopteris_FWH,A,A_top,6,3.061,100
Matteuccia_struthiopteris,Matteuccia_struthiopteris_FWH,A,A_top,7,3.151,100
Matteuccia_struthiopteris,Matteuccia_struthiopteris_FWH,A,A_top,8,3.796,100
Matteuccia_struthiopteris,Matteuccia_struthiopteris_FWH,A,A_top,9,3.813,100
Matteuccia_struthiopteris,Matteuccia_struthiopteris_FWH,A,A_top,10,3.954,100
Matteuccia_struthiopteris,Matteuccia_struthiopteris_FWH,B,B_top,1,4.268,0
Matteuccia_struthiopteris,Matteuccia_struthiopteris_FWH,B,B_top,2,4.167,0
Matteuccia_struthiopteris,Matteuccia_struthiopteris_FWH,B,B_top,3,4.339,0
Matteuccia_struthiopteris,Matteuccia_struthiopteris_FWH,B,B_top,4,4.338,0
Matteuccia_struthiopteris,Matteuccia_struthiopteris_FWH,B,B_top,5,4.636,0
Matteuccia_struthiopteris,Matteuccia_struthiopteris_FWH,B,B_top,6,4.835,0
Matteuccia_struthiopteris,Matteuccia_struthiopteris_FWH,B,B_top,7,5.143,0
Matteuccia_struthiopteris,Matteuccia_struthiopteris_FWH,B,B_top,8,5.536,0
Matteuccia_struthiopteris,Matteuccia_struthiopteris_FWH,B,B_top,9,5.711,0
Matteuccia_struthiopteris,Matteuccia_struthiopteris_FWH,B,B_top,10,5.336,0
Matteuccia_struthiopteris,Matteuccia_struthiopteris_FWH,B,B_top,1,3.6,100
Matteuccia_struthiopteris,Matteuccia_struthiopteris_FWH,B,B_top,2,4.907,100
Matteuccia_struthiopteris,Matteuccia_struthiopteris_FWH,B,B_top,3,4.129,100
Matteuccia_struthiopteris,Matteuccia_struthiopteris_FWH,B,B_top,4,4.066,100
Matteuccia_struthiopteris,Matteuccia_struthiopteris_FWH,B,B_top,5,4.196,100
Matteuccia_struthiopteris,Matteuccia_struthiopteris_FWH,B,B_top,6,4.066,100
Matteuccia_struthiopteris,Matteuccia_struthiopteris_FWH,B,B_top,7,4.37,100
Matteuccia_struthiopteris,Matteuccia_struthiopteris_FWH,B,B_top,8,4.115,100
Matteuccia_struthiopteris,Matteuccia_struthiopteris_FWH,B,B_top,9,3.764,100
Matteuccia_struthiopteris,Matteuccia_struthiopteris_FWH,B,B_top,10,3.98,100
Matteuccia_struthiopteris,Matteuccia_struthiopteris_FWH,C,C_top,1,3.077,0
Matteuccia_struthiopteris,Matteuccia_struthiopteris_FWH,C,C_top,2,3.059,0
Matteuccia_struthiopteris,Matteuccia_struthiopteris_FWH,C,C_top,3,2.9,0
Matteuccia_struthiopteris,Matteuccia_struthiopteris_FWH,C,C_top,4,3.059,0
Matteuccia_struthiopteris,Matteuccia_struthiopteris_FWH,C,C_top,5,3.633,0
Matteuccia_struthiopteris,Matteuccia_struthiopteris_FWH,C,C_top,6,4.207,0
Matteuccia_struthiopteris,Matteuccia_struthiopteris_FWH,C,C_top,7,4.866,0
Matteuccia_struthiopteris,Matteuccia_struthiopteris_FWH,C,C_top,8,3.869,0
Matteuccia_struthiopteris,Matteuccia_struthiopteris_FWH,C,C_top,9,4.023,0
Matteuccia_struthiopteris,Matteuccia_struthiopteris_FWH,C,C_top,10,4.181,0
Matteuccia_struthiopteris,Matteuccia_struthiopteris_FWH,C,C_top,1,2.221,100
Matteuccia_struthiopteris,Matteuccia_struthiopteris_FWH,C,C_top,2,2.964,100
Matteuccia_struthiopteris,Matteuccia_struthiopteris_FWH,C,C_top,3,3.069,100
Matteuccia_struthiopteris,Matteuccia_struthiopteris_FWH,C,C_top,4,3.035,100
Matteuccia_struthiopteris,Matteuccia_struthiopteris_FWH,C,C_top,5,3.108,100
Matteuccia_struthiopteris,Matteuccia_struthiopteris_FWH,C,C_top,6,2.858,100
Matteuccia_struthiopteris,Matteuccia_struthiopteris_FWH,C,C_top,7,2.999,100
Matteuccia_struthiopteris,Matteuccia_struthiopteris_FWH,C,C_top,8,3.353,100
Matteuccia_struthiopteris,Matteuccia_struthiopteris_FWH,C,C_top,9,3.634,100
Matteuccia_struthiopteris,Matteuccia_struthiopteris_FWH,C,C_top,10,3.672,100
Matteuccia_struthiopteris,Matteuccia_struthiopteris_FWH,D,D_top,1,6.62,0
Matteuccia_struthiopteris,Matteuccia_struthiopteris_FWH,D,D_top,2,6.166,0
Matteuccia_struthiopteris,Matteuccia_struthiopteris_FWH,D,D_top,3,6.29,0
Matteuccia_struthiopteris,Matteuccia_struthiopteris_FWH,D,D_top,4,5.528,0
Matteuccia_struthiopteris,Matteuccia_struthiopteris_FWH,D,D_top,5,5.372,0
Matteuccia_struthiopteris,Matteuccia_struthiopteris_FWH,D,D_top,6,5.114,0
Matteuccia_struthiopteris,Matteuccia_struthiopteris_FWH,D,D_top,7,5.095,0
Matteuccia_struthiopteris,Matteuccia_struthiopteris_FWH,D,D_top,8,5.144,0
Matteuccia_struthiopteris,Matteuccia_struthiopteris_FWH,D,D_top,9,6.05,0
Matteuccia_struthiopteris,Matteuccia_struthiopteris_FWH,D,D_top,10,6.265,0
Matteuccia_struthiopteris,Matteuccia_struthiopteris_FWH,D,D_top,1,6.556,100
Matteuccia_struthiopteris,Matteuccia_struthiopteris_FWH,D,D_top,2,6.605,100
Matteuccia_struthiopteris,Matteuccia_struthiopteris_FWH,D,D_top,3,6.291,100
Matteuccia_struthiopteris,Matteuccia_struthiopteris_FWH,D,D_top,4,6.007,100
Matteuccia_struthiopteris,Matteuccia_struthiopteris_FWH,D,D_top,5,6.116,100
Matteuccia_struthiopteris,Matteuccia_struthiopteris_FWH,D,D_top,6,7.203,100
Matteuccia_struthiopteris,Matteuccia_struthiopteris_FWH,D,D_top,7,6.155,100
Matteuccia_struthiopteris,Matteuccia_struthiopteris_FWH,D,D_top,8,7.254,100
Matteuccia_struthiopteris,Matteuccia_struthiopteris_FWH,D,D_top,9,7.138,100
Matteuccia_struthiopteris,Matteuccia_struthiopteris_FWH,D,D_top,10,6.762,100
Matteuccia_struthiopteris,Matteuccia_struthiopteris_MLF,A1,A1_top,1,5.419,0
Matteuccia_struthiopteris,Matteuccia_struthiopteris_MLF,A1,A1_top,2,5.703,0
Matteuccia_struthiopteris,Matteuccia_struthiopteris_MLF,A1,A1_top,3,6.075,0
Matteuccia_struthiopteris,Matteuccia_struthiopteris_MLF,A1,A1_top,4,6.593,0
Matteuccia_struthiopteris,Matteuccia_struthiopteris_MLF,A1,A1_top,5,6.817,0
Matteuccia_struthiopteris,Matteuccia_struthiopteris_MLF,A1,A1_top,6,6.74,0
Matteuccia_struthiopteris,Matteuccia_struthiopteris_MLF,A1,A1_top,7,6.595,0
Matteuccia_struthiopteris,Matteuccia_struthiopteris_MLF,A1,A1_top,8,6.557,0
Matteuccia_struthiopteris,Matteuccia_struthiopteris_MLF,A1,A1_top,9,6.444,0
Matteuccia_struthiopteris,Matteuccia_struthiopteris_MLF,A1,A1_top,10,7.166,0
Matteuccia_struthiopteris,Matteuccia_struthiopteris_MLF,A1,A1_top,11,4.313,0
Matteuccia_struthiopteris,Matteuccia_struthiopteris_MLF,A1,A1_top,12,4.733,0
Matteuccia_struthiopteris,Matteuccia_struthiopteris_MLF,A1,A1_top,13,5.499,0
Matteuccia_struthiopteris,Matteuccia_struthiopteris_MLF,A1,A1_top,14,6.059,0
Matteuccia_struthiopteris,Matteuccia_struthiopteris_MLF,A1,A1_top,15,6.666,0
Matteuccia_struthiopteris,Matteuccia_struthiopteris_MLF,A1,A1_top,16,6.779,0
Matteuccia_struthiopteris,Matteuccia_struthiopteris_MLF,A1,A1_top,17,6.777,0
Matteuccia_struthiopteris,Matteuccia_struthiopteris_MLF,A1,A1_top,18,6.999,0
Matteuccia_struthiopteris,Matteuccia_struthiopteris_MLF,A1,A1_top,19,7.055,0
Matteuccia_struthiopteris,Matteuccia_struthiopteris_MLF,A1,A1_top,20,8.499,0
Matteuccia_struthiopteris,Matteuccia_struthiopteris_MLF,A1,A1_top,1,4.133,100
Matteuccia_struthiopteris,Matteuccia_struthiopteris_MLF,A1,A1_top,2,4.791,100
Matteuccia_struthiopteris,Matteuccia_struthiopteris_MLF,A1,A1_top,3,4.682,100
Matteuccia_struthiopteris,Matteuccia_struthiopteris_MLF,A1,A1_top,4,5.61,100
Matteuccia_struthiopteris,Matteuccia_struthiopteris_MLF,A1,A1_top,5,6.373,100
Matteuccia_struthiopteris,Matteuccia_struthiopteris_MLF,A1,A1_top,6,6.897,100
Matteuccia_struthiopteris,Matteuccia_struthiopteris_MLF,A1,A1_top,7,6.763,100
Matteuccia_struthiopteris,Matteuccia_struthiopteris_MLF,A1,A1_top,8,7.03,100
Matteuccia_struthiopteris,Matteuccia_struthiopteris_MLF,A1,A1_top,9,6.828,100
Matteuccia_struthiopteris,Matteuccia_struthiopteris_MLF,A1,A1_top,10,6.505,100
Matteuccia_struthiopteris,Matteuccia_struthiopteris_MLF,A1,A1_top,11,3.856,100
Matteuccia_struthiopteris,Matteuccia_struthiopteris_MLF,A1,A1_top,12,4.503,100
Matteuccia_struthiopteris,Matteuccia_struthiopteris_MLF,A1,A1_top,13,5.242,100
Matteuccia_struthiopteris,Matteuccia_struthiopteris_MLF,A1,A1_top,14,5.94,100
Matteuccia_struthiopteris,Matteuccia_struthiopteris_MLF,A1,A1_top,15,6.477,100
Matteuccia_struthiopteris,Matteuccia_struthiopteris_MLF,A1,A1_top,16,7.092,100
Matteuccia_struthiopteris,Matteuccia_struthiopteris_MLF,A1,A1_top,17,7.111,100
Matteuccia_struthiopteris,Matteuccia_struthiopteris_MLF,A1,A1_top,18,7.423,100
Matteuccia_struthiopteris,Matteuccia_struthiopteris_MLF,A1,A1_top,19,7.349,100
Matteuccia_struthiopteris,Matteuccia_struthiopteris_MLF,A1,A1_top,20,7.417,100
Matteuccia_struthiopteris,Matteuccia_struthiopteris_MLF,B1,B1_top,1,4.983,0
Matteuccia_struthiopteris,Matteuccia_struthiopteris_MLF,B1,B1_top,2,4.992,0
Matteuccia_struthiopteris,Matteuccia_struthiopteris_MLF,B1,B1_top,3,5.285,0
Matteuccia_struthiopteris,Matteuccia_struthiopteris_MLF,B1,B1_top,4,5.595,0
Matteuccia_struthiopteris,Matteuccia_struthiopteris_MLF,B1,B1_top,5,5.847,0
Matteuccia_struthiopteris,Matteuccia_struthiopteris_MLF,B1,B1_top,6,5.784,0
Matteuccia_struthiopteris,Matteuccia_struthiopteris_MLF,B1,B1_top,7,5.854,0
Matteuccia_struthiopteris,Matteuccia_struthiopteris_MLF,B1,B1_top,8,6.052,0
Matteuccia_struthiopteris,Matteuccia_struthiopteris_MLF,B1,B1_top,9,5.262,0
Matteuccia_struthiopteris,Matteuccia_struthiopteris_MLF,B1,B1_top,10,5.732,0
Matteuccia_struthiopteris,Matteuccia_struthiopteris_MLF,B1,B1_top,11,6.256,0
Matteuccia_struthiopteris,Matteuccia_struthiopteris_MLF,B1,B1_top,12,7.487,0
Matteuccia_struthiopteris,Matteuccia_struthiopteris_MLF,B1,B1_top,13,7.585,0
Matteuccia_struthiopteris,Matteuccia_struthiopteris_MLF,B1,B1_top,14,7.872,0
Matteuccia_struthiopteris,Matteuccia_struthiopteris_MLF,B1,B1_top,15,7.403,0
Matteuccia_struthiopteris,Matteuccia_struthiopteris_MLF,B1,B1_top,16,6.984,0
Matteuccia_struthiopteris,Matteuccia_struthiopteris_MLF,B1,B1_top,17,7.507,0
Matteuccia_struthiopteris,Matteuccia_struthiopteris_MLF,B1,B1_top,18,7.399,0
Matteuccia_struthiopteris,Matteuccia_struthiopteris_MLF,B1,B1_top,19,7.92,0
Matteuccia_struthiopteris,Matteuccia_struthiopteris_MLF,B1,B1_top,20,8.234,0
Matteuccia_struthiopteris,Matteuccia_struthiopteris_MLF,B1,B1_top,1,4.266,100
Matteuccia_struthiopteris,Matteuccia_struthiopteris_MLF,B1,B1_top,2,3.698,100
Matteuccia_struthiopteris,Matteuccia_struthiopteris_MLF,B1,B1_top,3,4.746,100
Matteuccia_struthiopteris,Matteuccia_struthiopteris_MLF,B1,B1_top,4,5.397,100
Matteuccia_struthiopteris,Matteuccia_struthiopteris_MLF,B1,B1_top,5,5.727,100
Matteuccia_struthiopteris,Matteuccia_struthiopteris_MLF,B1,B1_top,6,5.918,100
Matteuccia_struthiopteris,Matteuccia_struthiopteris_MLF,B1,B1_top,7,5.272,100
Matteuccia_struthiopteris,Matteuccia_struthiopteris_MLF,B1,B1_top,8,5.662,100
Matteuccia_struthiopteris,Matteuccia_struthiopteris_MLF,B1,B1_top,9,5.512,100
Matteuccia_struthiopteris,Matteuccia_struthiopteris_MLF,B1,B1_top,10,5.32,100
Matteuccia_struthiopteris,Matteuccia_struthiopteris_MLF,B1,B1_top,11,6.709,100
Matteuccia_struthiopteris,Matteuccia_struthiopteris_MLF,B1,B1_top,12,6.716,100
Matteuccia_struthiopteris,Matteuccia_struthiopteris_MLF,B1,B1_top,13,6.877,100
Matteuccia_struthiopteris,Matteuccia_struthiopteris_MLF,B1,B1_top,14,6.326,100
Matteuccia_struthiopteris,Matteuccia_struthiopteris_MLF,B1,B1_top,15,6.433,100
Matteuccia_struthiopteris,Matteuccia_struthiopteris_MLF,B1,B1_top,16,7.048,100
Matteuccia_struthiopteris,Matteuccia_struthiopteris_MLF,B1,B1_top,17,6.524,100
Matteuccia_struthiopteris,Matteuccia_struthiopteris_MLF,B1,B1_top,18,6.711,100
Matteuccia_struthiopteris,Matteuccia_struthiopteris_MLF,B1,B1_top,19,5.771,100
Matteuccia_struthiopteris,Matteuccia_struthiopteris_MLF,B1,B1_top,20,5.518,100
Matteuccia_struthiopteris,Matteuccia_struthiopteris_MLF,C1,C1_top,1,3.207,0
Matteuccia_struthiopteris,Matteuccia_struthiopteris_MLF,C1,C1_top,2,3.894,0
Matteuccia_struthiopteris,Matteuccia_struthiopteris_MLF,C1,C1_top,3,4.659,0
Matteuccia_struthiopteris,Matteuccia_struthiopteris_MLF,C1,C1_top,4,4.468,0
Matteuccia_struthiopteris,Matteuccia_struthiopteris_MLF,C1,C1_top,5,4.675,0
Matteuccia_struthiopteris,Matteuccia_struthiopteris_MLF,C1,C1_top,6,6.022,0
Matteuccia_struthiopteris,Matteuccia_struthiopteris_MLF,C1,C1_top,7,7.404,0
Matteuccia_struthiopteris,Matteuccia_struthiopteris_MLF,C1,C1_top,8,7.532,0
Matteuccia_struthiopteris,Matteuccia_struthiopteris_MLF,C1,C1_top,9,6.796,0
Matteuccia_struthiopteris,Matteuccia_struthiopteris_MLF,C1,C1_top,10,7.787,0
Matteuccia_struthiopteris,Matteuccia_struthiopteris_MLF,C1,C1_top,11,3.447,0
Matteuccia_struthiopteris,Matteuccia_struthiopteris_MLF,C1,C1_top,12,4.288,0
Matteuccia_struthiopteris,Matteuccia_struthiopteris_MLF,C1,C1_top,13,5.23,0
Matteuccia_struthiopteris,Matteuccia_struthiopteris_MLF,C1,C1_top,14,5.655,0
Matteuccia_struthiopteris,Matteuccia_struthiopteris_MLF,C1,C1_top,15,6.38,0
Matteuccia_struthiopteris,Matteuccia_struthiopteris_MLF,C1,C1_top,16,6.398,0
Matteuccia_struthiopteris,Matteuccia_struthiopteris_MLF,C1,C1_top,17,7.864,0
Matteuccia_struthiopteris,Matteuccia_struthiopteris_MLF,C1,C1_top,18,7.279,0
Matteuccia_struthiopteris,Matteuccia_struthiopteris_MLF,C1,C1_top,19,6.736,0
Matteuccia_struthiopteris,Matteuccia_struthiopteris_MLF,C1,C1_top,20,6.447,0
Matteuccia_struthiopteris,Matteuccia_struthiopteris_MLF,C1,C1_top,1,2.174,100
Matteuccia_struthiopteris,Matteuccia_struthiopteris_MLF,C1,C1_top,2,2.421,100
Matteuccia_struthiopteris,Matteuccia_struthiopteris_MLF,C1,C1_top,3,2.789,100
Matteuccia_struthiopteris,Matteuccia_struthiopteris_MLF,C1,C1_top,4,3.526,100
Matteuccia_struthiopteris,Matteuccia_struthiopteris_MLF,C1,C1_top,5,4.21,100
Matteuccia_struthiopteris,Matteuccia_struthiopteris_MLF,C1,C1_top,6,4.541,100
Matteuccia_struthiopteris,Matteuccia_struthiopteris_MLF,C1,C1_top,7,5.463,100
Matteuccia_struthiopteris,Matteuccia_struthiopteris_MLF,C1,C1_top,8,5.947,100
Matteuccia_struthiopteris,Matteuccia_struthiopteris_MLF,C1,C1_top,9,7.367,100
Matteuccia_struthiopteris,Matteuccia_struthiopteris_MLF,C1,C1_top,10,7.683,100
Matteuccia_struthiopteris,Matteuccia_struthiopteris_MLF,C1,C1_top,11,2.115,100
Matteuccia_struthiopteris,Matteuccia_struthiopteris_MLF,C1,C1_top,12,2.854,100
Matteuccia_struthiopteris,Matteuccia_struthiopteris_MLF,C1,C1_top,13,3.231,100
Matteuccia_struthiopteris,Matteuccia_struthiopteris_MLF,C1,C1_top,14,3.231,100
Matteuccia_struthiopteris,Matteuccia_struthiopteris_MLF,C1,C1_top,15,3.68,100
Matteuccia_struthiopteris,Matteuccia_struthiopteris_MLF,C1,C1_top,16,5.122,100
Matteuccia_struthiopteris,Matteuccia_struthiopteris_MLF,C1,C1_top,17,5.656,100
Matteuccia_struthiopteris,Matteuccia_struthiopteris_MLF,C1,C1_top,18,6.549,100
Matteuccia_struthiopteris,Matteuccia_struthiopteris_MLF,C1,C1_top,19,7.228,100
Matteuccia_struthiopteris,Matteuccia_struthiopteris_MLF,C1,C1_top,20,7.027,100
Matteuccia_struthiopteris,Matteuccia_struthiopteris_MLF,D1,D1_top,1,4.151,0
Matteuccia_struthiopteris,Matteuccia_struthiopteris_MLF,D1,D1_top,2,4.531,0
Matteuccia_struthiopteris,Matteuccia_struthiopteris_MLF,D1,D1_top,3,4.894,0
Matteuccia_struthiopteris,Matteuccia_struthiopteris_MLF,D1,D1_top,4,5.572,0
Matteuccia_struthiopteris,Matteuccia_struthiopteris_MLF,D1,D1_top,5,5.948,0
Matteuccia_struthiopteris,Matteuccia_struthiopteris_MLF,D1,D1_top,6,5.98,0
Matteuccia_struthiopteris,Matteuccia_struthiopteris_MLF,D1,D1_top,7,5.523,0
Matteuccia_struthiopteris,Matteuccia_struthiopteris_MLF,D1,D1_top,8,6.063,0
Matteuccia_struthiopteris,Matteuccia_struthiopteris_MLF,D1,D1_top,9,6.393,0
Matteuccia_struthiopteris,Matteuccia_struthiopteris_MLF,D1,D1_top,10,3.347,0
Matteuccia_struthiopteris,Matteuccia_struthiopteris_MLF,D1,D1_top,11,4.325,0
Matteuccia_struthiopteris,Matteuccia_struthiopteris_MLF,D1,D1_top,12,4.926,0
Matteuccia_struthiopteris,Matteuccia_struthiopteris_MLF,D1,D1_top,13,5.263,0
Matteuccia_struthiopteris,Matteuccia_struthiopteris_MLF,D1,D1_top,14,5.89,0
Matteuccia_struthiopteris,Matteuccia_struthiopteris_MLF,D1,D1_top,15,5.634,0
Matteuccia_struthiopteris,Matteuccia_struthiopteris_MLF,D1,D1_top,16,5.437,0
Matteuccia_struthiopteris,Matteuccia_struthiopteris_MLF,D1,D1_top,17,6.142,0
Matteuccia_struthiopteris,Matteuccia_struthiopteris_MLF,D1,D1_top,18,5.961,0
Matteuccia_struthiopteris,Matteuccia_struthiopteris_MLF,D1,D1_top,19,6.648,0
Matteuccia_struthiopteris,Matteuccia_struthiopteris_MLF,D1,D1_top,20,6.391,0
Matteuccia_struthiopteris,Matteuccia_struthiopteris_MLF,D1,D1_top,1,2.153,100
Matteuccia_struthiopteris,Matteuccia_struthiopteris_MLF,D1,D1_top,2,2.618,100
Matteuccia_struthiopteris,Matteuccia_struthiopteris_MLF,D1,D1_top,3,2.885,100
Matteuccia_struthiopteris,Matteuccia_struthiopteris_MLF,D1,D1_top,4,3.26,100
Matteuccia_struthiopteris,Matteuccia_struthiopteris_MLF,D1,D1_top,5,4.433,100
Matteuccia_struthiopteris,Matteuccia_struthiopteris_MLF,D1,D1_top,6,4.967,100
Matteuccia_struthiopteris,Matteuccia_struthiopteris_MLF,D1,D1_top,7,5.237,100
Matteuccia_struthiopteris,Matteuccia_struthiopteris_MLF,D1,D1_top,8,6.197,100
Matteuccia_struthiopteris,Matteuccia_struthiopteris_MLF,D1,D1_top,9,6.143,100
Matteuccia_struthiopteris,Matteuccia_struthiopteris_MLF,D1,D1_top,10,7.472,100
Matteuccia_struthiopteris,Matteuccia_struthiopteris_MLF,D1,D1_top,11,2.137,100
Matteuccia_struthiopteris,Matteuccia_struthiopteris_MLF,D1,D1_top,12,2.524,100
Matteuccia_struthiopteris,Matteuccia_struthiopteris_MLF,D1,D1_top,13,3.044,100
Matteuccia_struthiopteris,Matteuccia_struthiopteris_MLF,D1,D1_top,14,3.822,100
Matteuccia_struthiopteris,Matteuccia_struthiopteris_MLF,D1,D1_top,15,4.253,100
Matteuccia_struthiopteris,Matteuccia_struthiopteris_MLF,D1,D1_top,16,4.6,100
Matteuccia_struthiopteris,Matteuccia_struthiopteris_MLF,D1,D1_top,17,6.148,100
Matteuccia_struthiopteris,Matteuccia_struthiopteris_MLF,D1,D1_top,18,5.929,100
Matteuccia_struthiopteris,Matteuccia_struthiopteris_MLF,D1,D1_top,19,7.853,100
Matteuccia_struthiopteris,Matteuccia_struthiopteris_MLF,D1,D1_top,20,7.161,100
Onoclea_sensibilis,Onoclea_sensibilis_d,D1,D1_top,1,0.058,100
Onoclea_sensibilis,Onoclea_sensibilis_d,D1,D1_top,2,0.048,100
Onoclea_sensibilis,Onoclea_sensibilis_d,D1,D1_top,3,0.082,100
Onoclea_sensibilis,Onoclea_sensibilis_d,D1,D1_top,4,0.063,100
Onoclea_sensibilis,Onoclea_sensibilis_d,D1,D1_top,5,0.07,100
Onoclea_sensibilis,Onoclea_sensibilis_d,D1,D1_top,6,0.048,100
Onoclea_sensibilis,Onoclea_sensibilis_d,D1,D1_top,7,0.06,100
Onoclea_sensibilis,Onoclea_sensibilis_d,D1,D1_top,1,1.745,0
Onoclea_sensibilis,Onoclea_sensibilis_d,D1,D1_top,2,1.515,0
Onoclea_sensibilis,Onoclea_sensibilis_d,D1,D1_top,3,2.637,0
Onoclea_sensibilis,Onoclea_sensibilis_d,D1,D1_top,4,2.853,0
Onoclea_sensibilis,Onoclea_sensibilis_d,D1,D1_top,5,3.665,0
Onoclea_sensibilis,Onoclea_sensibilis_d,D1,D1_top,6,2.743,0
Onoclea_sensibilis,Onoclea_sensibilis_d,D1,D1_top,7,2.887,0
Onoclea_sensibilis,Onoclea_sensibilis_c,C1,C1_top,1,1.106,100
Onoclea_sensibilis,Onoclea_sensibilis_c,C1,C1_top,2,0.615,100
Onoclea_sensibilis,Onoclea_sensibilis_c,C1,C1_top,3,0.551,100
Onoclea_sensibilis,Onoclea_sensibilis_c,C1,C1_top,1,3.479,0
Onoclea_sensibilis,Onoclea_sensibilis_c,C1,C1_top,2,2.933,0
Onoclea_sensibilis,Onoclea_sensibilis_c,C1,C1_top,3,3.229,0
Onoclea_sensibilis,Onoclea_sensibilis_c,C1,C1_top,4,3.326,0
Onoclea_sensibilis,Onoclea_sensibilis_b,B1,B1_top,1,1.527,100
Onoclea_sensibilis,Onoclea_sensibilis_b,B1,B1_top,2,0.839,100
Onoclea_sensibilis,Onoclea_sensibilis_b,B1,B1_top,3,0.936,100
Onoclea_sensibilis,Onoclea_sensibilis_b,B1,B1_top,4,1.298,100
Onoclea_sensibilis,Onoclea_sensibilis_b,B1,B1_top,5,0.784,100
Onoclea_sensibilis,Onoclea_sensibilis_b,B1,B1_top,6,0.98,100
Onoclea_sensibilis,Onoclea_sensibilis_b,B1,B1_top,1,4.054,0
Onoclea_sensibilis,Onoclea_sensibilis_b,B1,B1_top,2,3.256,0
Onoclea_sensibilis,Onoclea_sensibilis_b,B1,B1_top,3,2.601,0
Onoclea_sensibilis,Onoclea_sensibilis_b,B1,B1_top,4,2.623,0
Onoclea_sensibilis,Onoclea_sensibilis_b,B1,B1_top,5,4.154,0
Onoclea_sensibilis,Onoclea_sensibilis_b,B1,B1_top,6,3.631,0
Onoclea_sensibilis,Onoclea_sensibilis_A,A1,A1_top,1,1.108,100
Onoclea_sensibilis,Onoclea_sensibilis_A,A1,A1_top,2,1.112,100
Onoclea_sensibilis,Onoclea_sensibilis_A,A1,A1_top,3,0.332,100
Onoclea_sensibilis,Onoclea_sensibilis_A,A1,A1_top,4,1.268,100
Onoclea_sensibilis,Onoclea_sensibilis_A,A1,A1_top,5,0.644,100
Onoclea_sensibilis,Onoclea_sensibilis_A,A1,A1_top,1,2.699,0
Onoclea_sensibilis,Onoclea_sensibilis_A,A1,A1_top,2,3.253,0
Onoclea_sensibilis,Onoclea_sensibilis_A,A1,A1_top,3,2.388,0
Onoclea_sensibilis,Onoclea_sensibilis_A,A1,A1_top,4,3.067,0
Onoclea_sensibilis,Onoclea_sensibilis_A,A1,A1_top,5,2.462,0
Onoclea_sensibilis,Onoclea_sensibilis_sn,sn1,sn1,1,4.109,100
Onoclea_sensibilis,Onoclea_sensibilis_sn,sn1,sn1,2,3.815,100
Onoclea_sensibilis,Onoclea_sensibilis_sn,sn1,sn1,3,4.135,100
Onoclea_sensibilis,Onoclea_sensibilis_sn,sn1,sn1,1,0.706,0
Onoclea_sensibilis,Onoclea_sensibilis_sn,sn1,sn1,2,0.984,0
Onoclea_sensibilis,Onoclea_sensibilis_sn,sn1,sn1,3,0.6755,0
Onoclea_sensibilis,Onoclea_sensibilis_sn,sn2,sn2,1,0.152,100
Onoclea_sensibilis,Onoclea_sensibilis_sn,sn2,sn2,2,0.252,100
Onoclea_sensibilis,Onoclea_sensibilis_sn,sn2,sn2,3,0.317,100
Onoclea_sensibilis,Onoclea_sensibilis_sn,sn2,sn2,4,0.26,100
Onoclea_sensibilis,Onoclea_sensibilis_sn,sn2,sn2,5,0.378,100
Onoclea_sensibilis,Onoclea_sensibilis_sn,sn2,sn2,6,0.236,100
Onoclea_sensibilis,Onoclea_sensibilis_sn,sn2,sn2,1,2.75,0
Onoclea_sensibilis,Onoclea_sensibilis_sn,sn2,sn2,2,2.055,0
Onoclea_sensibilis,Onoclea_sensibilis_sn,sn2,sn2,3,1.821,0
Onoclea_sensibilis,Onoclea_sensibilis_sn,sn2,sn2,4,2.801,0
Onoclea_sensibilis,Onoclea_sensibilis_sn,sn2,sn2,5,2.758,0
Onoclea_sensibilis,Onoclea_sensibilis_sn,sn2,sn2,6,3.315,0